{
    "credit": "Made with Blockbench",
    "texture_size": [
        24,
        24
    ],
    "textures": {
        "0": "draculaset:sword",
        "2": "draculaset:paralyzed",
        "3": "draculaset:sleep",
        "4": "draculaset:smoke",
        "5": "draculaset:string",
        "particle": "draculaset:sword"
    },
    "elements": [
        {
            "from": [
                7.5985,
                6.57,
                7.5875
            ],
            "to": [
                8.4015,
                9.43,
                8.4125
            ],
            "rotation": {
                "angle": 0,
                "axis": "y",
                "origin": [
                    8,
                    8,
                    10.14033
                ]
            },
            "faces": {
                "north": {
                    "uv": [
                        9.77778,
                        10.22222,
                        10.11111,
                        11.44444
                    ],
                    "texture": "#0",
                    "cullface": "down"
                },
                "east": {
                    "uv": [
                        10.22222,
                        4.88889,
                        10.55556,
                        6.11111
                    ],
                    "texture": "#0",
                    "cullface": "down"
                },
                "south": {
                    "uv": [
                        8.88889,
                        10.22222,
                        9.22222,
                        11.44444
                    ],
                    "texture": "#0",
                    "cullface": "down"
                },
                "west": {
                    "uv": [
                        9.33333,
                        10.22222,
                        9.66667,
                        11.44444
                    ],
                    "texture": "#0",
                    "cullface": "down"
                }
            }
        },
        {
            "from": [
                7.95,
                -0.5,
                -0.5
            ],
            "to": [
                8.05,
                16.5,
                16.5
            ],
            "rotation": {
                "angle": 0,
                "axis": "x",
                "origin": [
                    8,
                    8,
                    8
                ]
            },
            "faces": {
                "east": {
                    "uv": [
                        16,
                        0,
                        0,
                        16
                    ],
                    "rotation": 270,
                    "texture": "#2",
                    "cullface": "down"
                },
                "west": {
                    "uv": [
                        0,
                        0,
                        16,
                        16
                    ],
                    "rotation": 90,
                    "texture": "#2",
                    "cullface": "down"
                }
            }
        },
        {
            "from": [
                8.67339,
                -0.5,
                -0.89389
            ],
            "to": [
                8.77339,
                16.5,
                16.10611
            ],
            "rotation": {
                "angle": -22.5,
                "axis": "y",
                "origin": [
                    8,
                    8,
                    5.85967
                ]
            },
            "faces": {
                "east": {
                    "uv": [
                        16,
                        0,
                        0,
                        16
                    ],
                    "rotation": 270,
                    "texture": "#3",
                    "cullface": "down"
                }
            }
        },
        {
            "from": [
                7.22661,
                -0.5,
                -0.89389
            ],
            "to": [
                7.32661,
                16.5,
                16.10611
            ],
            "rotation": {
                "angle": 22.5,
                "axis": "y",
                "origin": [
                    8,
                    8,
                    5.85967
                ]
            },
            "faces": {
                "west": {
                    "uv": [
                        0,
                        0,
                        16,
                        16
                    ],
                    "rotation": 90,
                    "texture": "#3",
                    "cullface": "down"
                }
            }
        },
        {
            "from": [
                7.9,
                11.43782,
                -0.08174
            ],
            "to": [
                8.1,
                19.43782,
                7.91826
            ],
            "rotation": {
                "angle": 45,
                "axis": "x",
                "origin": [
                    8,
                    8,
                    10.14033
                ]
            },
            "faces": {
                "east": {
                    "uv": [
                        16,
                        16,
                        0,
                        0
                    ],
                    "rotation": 180,
                    "texture": "#4",
                    "cullface": "down"
                },
                "west": {
                    "uv": [
                        0,
                        16,
                        16,
                        0
                    ],
                    "rotation": 180,
                    "texture": "#4",
                    "cullface": "down"
                }
            }
        },
        {
            "from": [
                7.9,
                -3.43782,
                -0.08174
            ],
            "to": [
                8.1,
                4.56218,
                7.91826
            ],
            "rotation": {
                "angle": -45,
                "axis": "x",
                "origin": [
                    8,
                    8,
                    10.14033
                ]
            },
            "faces": {
                "east": {
                    "uv": [
                        16,
                        0,
                        0,
                        16
                    ],
                    "rotation": 180,
                    "texture": "#4",
                    "cullface": "down"
                },
                "west": {
                    "uv": [
                        0,
                        0,
                        16,
                        16
                    ],
                    "rotation": 180,
                    "texture": "#4",
                    "cullface": "down"
                }
            }
        },
        {
            "from": [
                7.561,
                12.73518,
                6.01972
            ],
            "to": [
                8.439,
                13.58518,
                7.71972
            ],
            "rotation": {
                "angle": 45,
                "axis": "x",
                "origin": [
                    8,
                    14.53266,
                    8.3358
                ]
            },
            "faces": {
                "east": {
                    "uv": [
                        12,
                        6.22222,
                        12.77778,
                        6.55556
                    ],
                    "rotation": 180,
                    "texture": "#0",
                    "cullface": "down"
                },
                "west": {
                    "uv": [
                        12,
                        6.22222,
                        12.77778,
                        6.55556
                    ],
                    "rotation": 180,
                    "texture": "#0",
                    "cullface": "down"
                },
                "up": {
                    "uv": [
                        11.44444,
                        5.33333,
                        10.66667,
                        5.77778
                    ],
                    "rotation": 270,
                    "texture": "#0",
                    "cullface": "down"
                },
                "down": {
                    "uv": [
                        11.44444,
                        5.33333,
                        10.66667,
                        4.88889
                    ],
                    "rotation": 90,
                    "texture": "#0",
                    "cullface": "down"
                }
            }
        },
        {
            "from": [
                7.45,
                15.44076,
                6.17056
            ],
            "to": [
                8.55,
                16.54076,
                7.27056
            ],
            "rotation": {
                "angle": -22.5,
                "axis": "x",
                "origin": [
                    8,
                    16.48759,
                    8.46511
                ]
            },
            "faces": {
                "north": {
                    "uv": [
                        12.88889,
                        2.66667,
                        13.33333,
                        3.11111
                    ],
                    "rotation": 90,
                    "texture": "#0",
                    "cullface": "down"
                },
                "east": {
                    "uv": [
                        11.11111,
                        8.88889,
                        10.66667,
                        8.44444
                    ],
                    "rotation": 270,
                    "texture": "#0",
                    "cullface": "down"
                },
                "south": {
                    "uv": [
                        12.88889,
                        3.55556,
                        13.33333,
                        3.11111
                    ],
                    "rotation": 90,
                    "texture": "#0",
                    "cullface": "down"
                },
                "west": {
                    "uv": [
                        10.66667,
                        8.88889,
                        11.11111,
                        8.44444
                    ],
                    "rotation": 90,
                    "texture": "#0",
                    "cullface": "down"
                },
                "up": {
                    "uv": [
                        13.33333,
                        1.77778,
                        12.88889,
                        1.33333
                    ],
                    "rotation": 180,
                    "texture": "#0",
                    "cullface": "down"
                },
                "down": {
                    "uv": [
                        13.33333,
                        2.66667,
                        12.88889,
                        2.22222
                    ],
                    "texture": "#0",
                    "cullface": "down"
                }
            }
        },
        {
            "from": [
                7.45,
                7.47196,
                6.34149
            ],
            "to": [
                8.55,
                8.77196,
                7.64149
            ],
            "rotation": {
                "angle": 45,
                "axis": "x",
                "origin": [
                    8,
                    8,
                    10.14033
                ]
            },
            "faces": {
                "north": {
                    "uv": [
                        12.88889,
                        1.33333,
                        13.33333,
                        1.77778
                    ],
                    "rotation": 180,
                    "texture": "#0",
                    "cullface": "down"
                },
                "east": {
                    "uv": [
                        10.66667,
                        8.44444,
                        11.11111,
                        8.88889
                    ],
                    "rotation": 180,
                    "texture": "#0",
                    "cullface": "down"
                },
                "south": {
                    "uv": [
                        12.88889,
                        2.22222,
                        13.33333,
                        2.66667
                    ],
                    "rotation": 180,
                    "texture": "#0",
                    "cullface": "down"
                },
                "west": {
                    "uv": [
                        11.11111,
                        8.44444,
                        10.66667,
                        8.88889
                    ],
                    "rotation": 180,
                    "texture": "#0",
                    "cullface": "down"
                },
                "up": {
                    "uv": [
                        13.33333,
                        3.11111,
                        12.88889,
                        3.55556
                    ],
                    "rotation": 270,
                    "texture": "#0",
                    "cullface": "down"
                },
                "down": {
                    "uv": [
                        13.33333,
                        3.11111,
                        12.88889,
                        2.66667
                    ],
                    "rotation": 90,
                    "texture": "#0",
                    "cullface": "down"
                }
            }
        },
        {
            "from": [
                7.4,
                14.25675,
                4.569
            ],
            "to": [
                8.6,
                16.10675,
                6.419
            ],
            "rotation": {
                "angle": -22.5,
                "axis": "x",
                "origin": [
                    8,
                    14.53266,
                    8.3358
                ]
            },
            "faces": {
                "north": {
                    "uv": [
                        10.66667,
                        8.44444,
                        11.44444,
                        8
                    ],
                    "rotation": 270,
                    "texture": "#0"
                },
                "east": {
                    "uv": [
                        7.88889,
                        9.66667,
                        7.11111,
                        8.88889
                    ],
                    "rotation": 90,
                    "texture": "#0"
                },
                "south": {
                    "uv": [
                        10.66667,
                        5.77778,
                        11.44444,
                        6.22222
                    ],
                    "rotation": 270,
                    "texture": "#0"
                },
                "west": {
                    "uv": [
                        7.11111,
                        9.66667,
                        7.88889,
                        8.88889
                    ],
                    "rotation": 270,
                    "texture": "#0"
                },
                "up": {
                    "uv": [
                        8,
                        11.44444,
                        7.55556,
                        10.66667
                    ],
                    "texture": "#0"
                },
                "down": {
                    "uv": [
                        7.55556,
                        11.44444,
                        7.11111,
                        10.66667
                    ],
                    "rotation": 180,
                    "texture": "#0"
                }
            }
        },
        {
            "from": [
                7.5,
                12.05718,
                4.94237
            ],
            "to": [
                8.5,
                13.90718,
                6.79237
            ],
            "rotation": {
                "angle": 22.5,
                "axis": "x",
                "origin": [
                    8,
                    14.53266,
                    8.3358
                ]
            },
            "faces": {
                "east": {
                    "uv": [
                        7.88889,
                        10.55556,
                        7.11111,
                        9.77778
                    ],
                    "rotation": 90,
                    "texture": "#0"
                },
                "west": {
                    "uv": [
                        7.11111,
                        10.55556,
                        7.88889,
                        9.77778
                    ],
                    "rotation": 270,
                    "texture": "#0"
                }
            }
        },
        {
            "from": [
                7.561,
                11.38566,
                6.64742
            ],
            "to": [
                8.439,
                12.38566,
                8.84742
            ],
            "rotation": {
                "angle": 45,
                "axis": "x",
                "origin": [
                    8,
                    14.53266,
                    8.3358
                ]
            },
            "faces": {
                "east": {
                    "uv": [
                        9.77778,
                        7.11111,
                        10.77778,
                        7.55556
                    ],
                    "texture": "#0"
                },
                "west": {
                    "uv": [
                        9.77778,
                        7.11111,
                        10.77778,
                        7.55556
                    ],
                    "texture": "#0"
                },
                "up": {
                    "uv": [
                        9.88889,
                        10.22222,
                        8.88889,
                        9.77778
                    ],
                    "rotation": 90,
                    "texture": "#0"
                },
                "down": {
                    "uv": [
                        10.77778,
                        8.88889,
                        9.77778,
                        9.33333
                    ],
                    "rotation": 270,
                    "texture": "#0",
                    "cullface": "down"
                }
            }
        },
        {
            "from": [
                7.95,
                13.93759,
                6.50967
            ],
            "to": [
                8.05,
                17.53759,
                11.90967
            ],
            "rotation": {
                "angle": -22.5,
                "axis": "x",
                "origin": [
                    8,
                    16.48759,
                    8.46511
                ]
            },
            "faces": {
                "east": {
                    "uv": [
                        8,
                        0,
                        10.44444,
                        1.55556
                    ],
                    "texture": "#0",
                    "cullface": "down"
                },
                "west": {
                    "uv": [
                        10.44444,
                        1.77778,
                        8,
                        3.33333
                    ],
                    "texture": "#0",
                    "cullface": "down"
                }
            }
        },
        {
            "from": [
                8,
                13.43245,
                4.66972
            ],
            "to": [
                8,
                17.03245,
                9.06972
            ],
            "rotation": {
                "angle": 45,
                "axis": "x",
                "origin": [
                    8,
                    14.53266,
                    8.3358
                ]
            },
            "faces": {
                "east": {
                    "uv": [
                        8,
                        3.55556,
                        10,
                        5.11111
                    ],
                    "rotation": 180,
                    "texture": "#0",
                    "cullface": "down"
                },
                "west": {
                    "uv": [
                        8,
                        3.55556,
                        10,
                        5.11111
                    ],
                    "rotation": 180,
                    "texture": "#0",
                    "cullface": "down"
                }
            }
        },
        {
            "from": [
                8,
                -2.3,
                11.09395
            ],
            "to": [
                8,
                18.3,
                11.54395
            ],
            "rotation": {
                "angle": 0,
                "axis": "x",
                "origin": [
                    8,
                    8,
                    11.34395
                ]
            },
            "faces": {
                "east": {
                    "uv": [
                        0,
                        0,
                        0.41667,
                        16
                    ],
                    "texture": "#5",
                    "cullface": "down"
                },
                "west": {
                    "uv": [
                        0,
                        0,
                        0.41667,
                        16
                    ],
                    "texture": "#5",
                    "cullface": "down"
                }
            }
        },
        {
            "from": [
                7.461,
                9.24627,
                7.45
            ],
            "to": [
                8.539,
                9.90627,
                8.55
            ],
            "rotation": {
                "angle": 0,
                "axis": "y",
                "origin": [
                    8,
                    8,
                    10.14033
                ]
            },
            "faces": {
                "north": {
                    "uv": [
                        1.33333,
                        13.77778,
                        1.77778,
                        14.11111
                    ],
                    "texture": "#0",
                    "cullface": "down"
                },
                "east": {
                    "uv": [
                        0,
                        13.77778,
                        0.44444,
                        14.11111
                    ],
                    "texture": "#0",
                    "cullface": "down"
                },
                "south": {
                    "uv": [
                        0.44444,
                        13.77778,
                        0.88889,
                        14.11111
                    ],
                    "texture": "#0",
                    "cullface": "down"
                },
                "west": {
                    "uv": [
                        0.88889,
                        13.77778,
                        1.33333,
                        14.11111
                    ],
                    "texture": "#0",
                    "cullface": "down"
                },
                "down": {
                    "uv": [
                        13.33333,
                        7.55556,
                        12.88889,
                        8
                    ],
                    "rotation": 270,
                    "texture": "#0",
                    "cullface": "down"
                }
            }
        },
        {
            "from": [
                7.5555,
                13.69728,
                6.62915
            ],
            "to": [
                8.4445,
                14.54728,
                8.27915
            ],
            "rotation": {
                "angle": 0,
                "axis": "x",
                "origin": [
                    8,
                    14.53266,
                    8.3358
                ]
            },
            "faces": {
                "north": {
                    "uv": [
                        13.66667,
                        5.33333,
                        13.33333,
                        5.77778
                    ],
                    "rotation": 90,
                    "texture": "#0",
                    "cullface": "down"
                },
                "east": {
                    "uv": [
                        10.66667,
                        12.33333,
                        11,
                        11.55556
                    ],
                    "rotation": 270,
                    "texture": "#0",
                    "cullface": "down"
                },
                "south": {
                    "uv": [
                        6.11111,
                        13.77778,
                        5.77778,
                        13.33333
                    ],
                    "rotation": 90,
                    "texture": "#0",
                    "cullface": "down"
                },
                "west": {
                    "uv": [
                        11,
                        12.33333,
                        10.66667,
                        11.55556
                    ],
                    "rotation": 90,
                    "texture": "#0",
                    "cullface": "down"
                },
                "up": {
                    "uv": [
                        10.66667,
                        3.44444,
                        11.11111,
                        2.66667
                    ],
                    "rotation": 180,
                    "texture": "#0",
                    "cullface": "down"
                },
                "down": {
                    "uv": [
                        10.66667,
                        2.55556,
                        11.11111,
                        1.77778
                    ],
                    "texture": "#0",
                    "cullface": "down"
                }
            }
        },
        {
            "from": [
                7.555,
                10.65466,
                6.17926
            ],
            "to": [
                8.445,
                11.50466,
                7.82926
            ],
            "rotation": {
                "angle": 22.5,
                "axis": "x",
                "origin": [
                    7.9995,
                    11.07966,
                    7.00426
                ]
            },
            "faces": {
                "north": {
                    "uv": [
                        5.77778,
                        13.33333,
                        6.11111,
                        13.77778
                    ],
                    "rotation": 90,
                    "texture": "#0",
                    "cullface": "down"
                },
                "east": {
                    "uv": [
                        11,
                        11.55556,
                        10.66667,
                        12.33333
                    ],
                    "rotation": 270,
                    "texture": "#0",
                    "cullface": "down"
                },
                "south": {
                    "uv": [
                        13.33333,
                        5.77778,
                        13.66667,
                        5.33333
                    ],
                    "rotation": 90,
                    "texture": "#0",
                    "cullface": "down"
                },
                "west": {
                    "uv": [
                        10.66667,
                        11.55556,
                        11,
                        12.33333
                    ],
                    "rotation": 90,
                    "texture": "#0",
                    "cullface": "down"
                },
                "up": {
                    "uv": [
                        11.11111,
                        1.77778,
                        10.66667,
                        2.55556
                    ],
                    "rotation": 180,
                    "texture": "#0",
                    "cullface": "down"
                },
                "down": {
                    "uv": [
                        11.11111,
                        2.66667,
                        10.66667,
                        3.44444
                    ],
                    "texture": "#0",
                    "cullface": "down"
                }
            }
        },
        {
            "from": [
                7.5555,
                11.00273,
                6.07942
            ],
            "to": [
                8.4445,
                12.65273,
                7.17942
            ],
            "rotation": {
                "angle": 0,
                "axis": "x",
                "origin": [
                    8,
                    11.82773,
                    6.62942
                ]
            },
            "faces": {
                "north": {
                    "uv": [
                        11.11111,
                        9.33333,
                        11.55556,
                        10.11111
                    ],
                    "texture": "#0",
                    "cullface": "down"
                },
                "east": {
                    "uv": [
                        11.11111,
                        6.22222,
                        11.55556,
                        7
                    ],
                    "texture": "#0"
                },
                "south": {
                    "uv": [
                        11.11111,
                        7.11111,
                        11.55556,
                        7.88889
                    ],
                    "texture": "#0"
                },
                "west": {
                    "uv": [
                        11.55556,
                        6.22222,
                        11.11111,
                        7
                    ],
                    "texture": "#0"
                },
                "up": {
                    "uv": [
                        5.77778,
                        13.33333,
                        5.33333,
                        12.88889
                    ],
                    "rotation": 90,
                    "texture": "#0"
                }
            }
        },
        {
            "from": [
                7.693,
                16.21522,
                7.02092
            ],
            "to": [
                8.307,
                17.06522,
                8.17092
            ],
            "rotation": {
                "angle": -45,
                "axis": "x",
                "origin": [
                    8,
                    16.48759,
                    8.46511
                ]
            },
            "faces": {
                "east": {
                    "uv": [
                        12.88889,
                        9.77778,
                        13.44444,
                        10.11111
                    ],
                    "texture": "#0",
                    "cullface": "down"
                },
                "south": {
                    "uv": [
                        13.77778,
                        3.55556,
                        14.11111,
                        3.88889
                    ],
                    "texture": "#0",
                    "cullface": "down"
                },
                "west": {
                    "uv": [
                        13.44444,
                        9.77778,
                        12.88889,
                        10.11111
                    ],
                    "texture": "#0",
                    "cullface": "down"
                },
                "up": {
                    "uv": [
                        13.44444,
                        13.22222,
                        12.88889,
                        12.88889
                    ],
                    "rotation": 90,
                    "texture": "#0",
                    "cullface": "down"
                },
                "down": {
                    "uv": [
                        13.88889,
                        1.33333,
                        13.33333,
                        1.66667
                    ],
                    "rotation": 270,
                    "texture": "#0",
                    "cullface": "down"
                }
            }
        },
        {
            "from": [
                7.6985,
                16.11156,
                7.75416
            ],
            "to": [
                8.3015,
                17.26156,
                8.60416
            ],
            "rotation": {
                "angle": 22.5,
                "axis": "x",
                "origin": [
                    8,
                    16.48759,
                    8.46511
                ]
            },
            "faces": {
                "north": {
                    "uv": [
                        12.88889,
                        10.66667,
                        13.22222,
                        11.22222
                    ],
                    "texture": "#0",
                    "cullface": "down"
                },
                "east": {
                    "uv": [
                        12.88889,
                        8.88889,
                        13.22222,
                        9.44444
                    ],
                    "texture": "#0",
                    "cullface": "down"
                },
                "south": {
                    "uv": [
                        10.22222,
                        12.88889,
                        10.55556,
                        13.44444
                    ],
                    "texture": "#0",
                    "cullface": "down"
                },
                "west": {
                    "uv": [
                        13.22222,
                        8.88889,
                        12.88889,
                        9.44444
                    ],
                    "texture": "#0",
                    "cullface": "down"
                },
                "up": {
                    "uv": [
                        3.44444,
                        14.11111,
                        3.11111,
                        13.77778
                    ],
                    "rotation": 90,
                    "texture": "#0",
                    "cullface": "down"
                }
            }
        },
        {
            "from": [
                7.75,
                16.48551,
                7.84338
            ],
            "to": [
                8.25,
                17.08551,
                9.99338
            ],
            "rotation": {
                "angle": 22.5,
                "axis": "x",
                "origin": [
                    8,
                    16.48759,
                    8.46511
                ]
            },
            "faces": {
                "east": {
                    "uv": [
                        12.88889,
                        0.44444,
                        13.88889,
                        0.66667
                    ],
                    "texture": "#0",
                    "cullface": "down"
                },
                "south": {
                    "uv": [
                        5.77778,
                        13.77778,
                        6.11111,
                        14
                    ],
                    "texture": "#0",
                    "cullface": "down"
                },
                "west": {
                    "uv": [
                        13.88889,
                        0.44444,
                        12.88889,
                        0.66667
                    ],
                    "texture": "#0",
                    "cullface": "down"
                },
                "up": {
                    "uv": [
                        12.55556,
                        9.22222,
                        11.55556,
                        8.88889
                    ],
                    "rotation": 90,
                    "texture": "#0",
                    "cullface": "down"
                },
                "down": {
                    "uv": [
                        10.33333,
                        11.55556,
                        9.33333,
                        11.88889
                    ],
                    "rotation": 270,
                    "texture": "#0",
                    "cullface": "down"
                }
            }
        },
        {
            "from": [
                7.7,
                16.93759,
                8.50967
            ],
            "to": [
                8.3,
                17.53759,
                11.90967
            ],
            "rotation": {
                "angle": -22.5,
                "axis": "x",
                "origin": [
                    8,
                    16.48759,
                    8.46511
                ]
            },
            "faces": {
                "east": {
                    "uv": [
                        11.55556,
                        4.44444,
                        13.11111,
                        4.66667
                    ],
                    "texture": "#0",
                    "cullface": "down"
                },
                "south": {
                    "uv": [
                        13.77778,
                        4.88889,
                        14.11111,
                        5.11111
                    ],
                    "texture": "#0",
                    "cullface": "down"
                },
                "west": {
                    "uv": [
                        13.11111,
                        4.44444,
                        11.55556,
                        4.66667
                    ],
                    "texture": "#0",
                    "cullface": "down"
                },
                "up": {
                    "uv": [
                        10.44444,
                        8.33333,
                        8.88889,
                        8
                    ],
                    "rotation": 90,
                    "texture": "#0",
                    "cullface": "down"
                },
                "down": {
                    "uv": [
                        10.44444,
                        8.44444,
                        8.88889,
                        8.77778
                    ],
                    "rotation": 270,
                    "texture": "#0",
                    "cullface": "down"
                }
            }
        },
        {
            "from": [
                7.561,
                2.41482,
                6.01972
            ],
            "to": [
                8.439,
                3.26482,
                7.71972
            ],
            "rotation": {
                "angle": -45,
                "axis": "x",
                "origin": [
                    8,
                    1.46734,
                    8.3358
                ]
            },
            "faces": {
                "east": {
                    "uv": [
                        12,
                        6.55556,
                        12.77778,
                        6.22222
                    ],
                    "rotation": 180,
                    "texture": "#0",
                    "cullface": "down"
                },
                "west": {
                    "uv": [
                        12,
                        6.55556,
                        12.77778,
                        6.22222
                    ],
                    "rotation": 180,
                    "texture": "#0",
                    "cullface": "down"
                },
                "up": {
                    "uv": [
                        10.66667,
                        5.33333,
                        11.44444,
                        4.88889
                    ],
                    "rotation": 90,
                    "texture": "#0",
                    "cullface": "down"
                },
                "down": {
                    "uv": [
                        10.66667,
                        5.33333,
                        11.44444,
                        5.77778
                    ],
                    "rotation": 270,
                    "texture": "#0",
                    "cullface": "down"
                }
            }
        },
        {
            "from": [
                7.45,
                -0.54076,
                6.17056
            ],
            "to": [
                8.55,
                0.55924,
                7.27056
            ],
            "rotation": {
                "angle": 22.5,
                "axis": "x",
                "origin": [
                    8,
                    -0.48759,
                    8.46511
                ]
            },
            "faces": {
                "north": {
                    "uv": [
                        13.33333,
                        2.66667,
                        12.88889,
                        3.11111
                    ],
                    "rotation": 90,
                    "texture": "#0",
                    "cullface": "down"
                },
                "east": {
                    "uv": [
                        10.66667,
                        8.88889,
                        11.11111,
                        8.44444
                    ],
                    "rotation": 270,
                    "texture": "#0",
                    "cullface": "down"
                },
                "south": {
                    "uv": [
                        13.33333,
                        3.55556,
                        12.88889,
                        3.11111
                    ],
                    "rotation": 90,
                    "texture": "#0",
                    "cullface": "down"
                },
                "west": {
                    "uv": [
                        11.11111,
                        8.88889,
                        10.66667,
                        8.44444
                    ],
                    "rotation": 90,
                    "texture": "#0",
                    "cullface": "down"
                },
                "up": {
                    "uv": [
                        13.33333,
                        2.22222,
                        12.88889,
                        2.66667
                    ],
                    "texture": "#0",
                    "cullface": "down"
                },
                "down": {
                    "uv": [
                        13.33333,
                        1.33333,
                        12.88889,
                        1.77778
                    ],
                    "rotation": 180,
                    "texture": "#0",
                    "cullface": "down"
                }
            }
        },
        {
            "from": [
                7.45,
                7.22804,
                6.34149
            ],
            "to": [
                8.55,
                8.52804,
                7.64149
            ],
            "rotation": {
                "angle": -45,
                "axis": "x",
                "origin": [
                    8,
                    8,
                    10.14033
                ]
            },
            "faces": {
                "north": {
                    "uv": [
                        12.88889,
                        1.77778,
                        13.33333,
                        1.33333
                    ],
                    "rotation": 180,
                    "texture": "#0",
                    "cullface": "down"
                },
                "east": {
                    "uv": [
                        10.66667,
                        8.88889,
                        11.11111,
                        8.44444
                    ],
                    "rotation": 180,
                    "texture": "#0",
                    "cullface": "down"
                },
                "south": {
                    "uv": [
                        12.88889,
                        2.66667,
                        13.33333,
                        2.22222
                    ],
                    "rotation": 180,
                    "texture": "#0",
                    "cullface": "down"
                },
                "west": {
                    "uv": [
                        11.11111,
                        8.88889,
                        10.66667,
                        8.44444
                    ],
                    "rotation": 180,
                    "texture": "#0",
                    "cullface": "down"
                },
                "up": {
                    "uv": [
                        12.88889,
                        3.11111,
                        13.33333,
                        2.66667
                    ],
                    "rotation": 90,
                    "texture": "#0",
                    "cullface": "down"
                },
                "down": {
                    "uv": [
                        12.88889,
                        3.11111,
                        13.33333,
                        3.55556
                    ],
                    "rotation": 270,
                    "texture": "#0",
                    "cullface": "down"
                }
            }
        },
        {
            "from": [
                7.4,
                -0.10675,
                4.569
            ],
            "to": [
                8.6,
                1.74325,
                6.419
            ],
            "rotation": {
                "angle": 22.5,
                "axis": "x",
                "origin": [
                    8,
                    1.46734,
                    8.3358
                ]
            },
            "faces": {
                "north": {
                    "uv": [
                        11.44444,
                        8.44444,
                        10.66667,
                        8
                    ],
                    "rotation": 270,
                    "texture": "#0"
                },
                "east": {
                    "uv": [
                        7.11111,
                        9.66667,
                        7.88889,
                        8.88889
                    ],
                    "rotation": 90,
                    "texture": "#0"
                },
                "south": {
                    "uv": [
                        11.44444,
                        5.77778,
                        10.66667,
                        6.22222
                    ],
                    "rotation": 270,
                    "texture": "#0"
                },
                "west": {
                    "uv": [
                        7.88889,
                        9.66667,
                        7.11111,
                        8.88889
                    ],
                    "rotation": 270,
                    "texture": "#0"
                },
                "up": {
                    "uv": [
                        7.55556,
                        10.66667,
                        7.11111,
                        11.44444
                    ],
                    "rotation": 180,
                    "texture": "#0"
                },
                "down": {
                    "uv": [
                        8,
                        10.66667,
                        7.55556,
                        11.44444
                    ],
                    "texture": "#0"
                }
            }
        },
        {
            "from": [
                7.5,
                2.09282,
                4.94237
            ],
            "to": [
                8.5,
                3.94282,
                6.79237
            ],
            "rotation": {
                "angle": -22.5,
                "axis": "x",
                "origin": [
                    8,
                    1.46734,
                    8.3358
                ]
            },
            "faces": {
                "east": {
                    "uv": [
                        7.11111,
                        10.55556,
                        7.88889,
                        9.77778
                    ],
                    "rotation": 90,
                    "texture": "#0"
                },
                "west": {
                    "uv": [
                        7.88889,
                        10.55556,
                        7.11111,
                        9.77778
                    ],
                    "rotation": 270,
                    "texture": "#0"
                }
            }
        },
        {
            "from": [
                7.561,
                3.61434,
                6.64742
            ],
            "to": [
                8.439,
                4.61434,
                8.84742
            ],
            "rotation": {
                "angle": -45,
                "axis": "x",
                "origin": [
                    8,
                    1.46734,
                    8.3358
                ]
            },
            "faces": {
                "east": {
                    "uv": [
                        9.77778,
                        7.55556,
                        10.77778,
                        7.11111
                    ],
                    "texture": "#0"
                },
                "west": {
                    "uv": [
                        9.77778,
                        7.55556,
                        10.77778,
                        7.11111
                    ],
                    "texture": "#0"
                },
                "up": {
                    "uv": [
                        9.77778,
                        8.88889,
                        10.77778,
                        9.33333
                    ],
                    "rotation": 270,
                    "texture": "#0",
                    "cullface": "down"
                },
                "down": {
                    "uv": [
                        8.88889,
                        10.22222,
                        9.88889,
                        9.77778
                    ],
                    "rotation": 90,
                    "texture": "#0"
                }
            }
        },
        {
            "from": [
                7.95,
                -1.53759,
                6.50967
            ],
            "to": [
                8.05,
                2.06241,
                11.90967
            ],
            "rotation": {
                "angle": 22.5,
                "axis": "x",
                "origin": [
                    8,
                    -0.48759,
                    8.46511
                ]
            },
            "faces": {
                "east": {
                    "uv": [
                        8,
                        1.55556,
                        10.44444,
                        0
                    ],
                    "texture": "#0",
                    "cullface": "down"
                },
                "west": {
                    "uv": [
                        10.44444,
                        3.33333,
                        8,
                        1.77778
                    ],
                    "texture": "#0",
                    "cullface": "down"
                }
            }
        },
        {
            "from": [
                8,
                -1.03245,
                4.66972
            ],
            "to": [
                8,
                2.56755,
                9.06972
            ],
            "rotation": {
                "angle": -45,
                "axis": "x",
                "origin": [
                    8,
                    1.46734,
                    8.3358
                ]
            },
            "faces": {
                "east": {
                    "uv": [
                        8,
                        5.11111,
                        10,
                        3.55556
                    ],
                    "rotation": 180,
                    "texture": "#0",
                    "cullface": "down"
                },
                "west": {
                    "uv": [
                        8,
                        5.11111,
                        10,
                        3.55556
                    ],
                    "rotation": 180,
                    "texture": "#0",
                    "cullface": "down"
                }
            }
        },
        {
            "from": [
                7.461,
                6.09373,
                7.45
            ],
            "to": [
                8.539,
                6.75373,
                8.55
            ],
            "rotation": {
                "angle": 0,
                "axis": "y",
                "origin": [
                    8,
                    8,
                    10.14033
                ]
            },
            "faces": {
                "north": {
                    "uv": [
                        1.33333,
                        14.11111,
                        1.77778,
                        13.77778
                    ],
                    "texture": "#0",
                    "cullface": "down"
                },
                "east": {
                    "uv": [
                        0,
                        14.11111,
                        0.44444,
                        13.77778
                    ],
                    "texture": "#0",
                    "cullface": "down"
                },
                "south": {
                    "uv": [
                        0.44444,
                        14.11111,
                        0.88889,
                        13.77778
                    ],
                    "texture": "#0",
                    "cullface": "down"
                },
                "west": {
                    "uv": [
                        0.88889,
                        14.11111,
                        1.33333,
                        13.77778
                    ],
                    "texture": "#0",
                    "cullface": "down"
                },
                "up": {
                    "uv": [
                        12.88889,
                        7.55556,
                        13.33333,
                        8
                    ],
                    "rotation": 270,
                    "texture": "#0",
                    "cullface": "down"
                }
            }
        },
        {
            "from": [
                7.5555,
                1.45272,
                6.62915
            ],
            "to": [
                8.4445,
                2.30272,
                8.27915
            ],
            "rotation": {
                "angle": 0,
                "axis": "x",
                "origin": [
                    8,
                    1.46734,
                    8.3358
                ]
            },
            "faces": {
                "north": {
                    "uv": [
                        13.33333,
                        5.33333,
                        13.66667,
                        5.77778
                    ],
                    "rotation": 90,
                    "texture": "#0",
                    "cullface": "down"
                },
                "east": {
                    "uv": [
                        11,
                        12.33333,
                        10.66667,
                        11.55556
                    ],
                    "rotation": 270,
                    "texture": "#0",
                    "cullface": "down"
                },
                "south": {
                    "uv": [
                        5.77778,
                        13.77778,
                        6.11111,
                        13.33333
                    ],
                    "rotation": 90,
                    "texture": "#0",
                    "cullface": "down"
                },
                "west": {
                    "uv": [
                        10.66667,
                        12.33333,
                        11,
                        11.55556
                    ],
                    "rotation": 90,
                    "texture": "#0",
                    "cullface": "down"
                },
                "up": {
                    "uv": [
                        10.66667,
                        1.77778,
                        11.11111,
                        2.55556
                    ],
                    "texture": "#0",
                    "cullface": "down"
                },
                "down": {
                    "uv": [
                        10.66667,
                        2.66667,
                        11.11111,
                        3.44444
                    ],
                    "rotation": 180,
                    "texture": "#0",
                    "cullface": "down"
                }
            }
        },
        {
            "from": [
                7.555,
                4.49534,
                6.17926
            ],
            "to": [
                8.445,
                5.34534,
                7.82926
            ],
            "rotation": {
                "angle": -22.5,
                "axis": "x",
                "origin": [
                    7.9995,
                    4.92034,
                    7.00426
                ]
            },
            "faces": {
                "north": {
                    "uv": [
                        6.11111,
                        13.33333,
                        5.77778,
                        13.77778
                    ],
                    "rotation": 90,
                    "texture": "#0",
                    "cullface": "down"
                },
                "east": {
                    "uv": [
                        10.66667,
                        11.55556,
                        11,
                        12.33333
                    ],
                    "rotation": 270,
                    "texture": "#0",
                    "cullface": "down"
                },
                "south": {
                    "uv": [
                        13.66667,
                        5.77778,
                        13.33333,
                        5.33333
                    ],
                    "rotation": 90,
                    "texture": "#0",
                    "cullface": "down"
                },
                "west": {
                    "uv": [
                        11,
                        11.55556,
                        10.66667,
                        12.33333
                    ],
                    "rotation": 90,
                    "texture": "#0",
                    "cullface": "down"
                },
                "up": {
                    "uv": [
                        11.11111,
                        3.44444,
                        10.66667,
                        2.66667
                    ],
                    "texture": "#0",
                    "cullface": "down"
                },
                "down": {
                    "uv": [
                        11.11111,
                        2.55556,
                        10.66667,
                        1.77778
                    ],
                    "rotation": 180,
                    "texture": "#0",
                    "cullface": "down"
                }
            }
        },
        {
            "from": [
                7.5555,
                3.34727,
                6.07942
            ],
            "to": [
                8.4445,
                4.99727,
                7.17942
            ],
            "rotation": {
                "angle": 0,
                "axis": "x",
                "origin": [
                    8,
                    4.17227,
                    6.62942
                ]
            },
            "faces": {
                "north": {
                    "uv": [
                        11.11111,
                        10.11111,
                        11.55556,
                        9.33333
                    ],
                    "texture": "#0",
                    "cullface": "down"
                },
                "east": {
                    "uv": [
                        11.11111,
                        7,
                        11.55556,
                        6.22222
                    ],
                    "texture": "#0"
                },
                "south": {
                    "uv": [
                        11.11111,
                        7.88889,
                        11.55556,
                        7.11111
                    ],
                    "texture": "#0"
                },
                "west": {
                    "uv": [
                        11.55556,
                        7,
                        11.11111,
                        6.22222
                    ],
                    "texture": "#0"
                },
                "down": {
                    "uv": [
                        5.33333,
                        13.33333,
                        5.77778,
                        12.88889
                    ],
                    "rotation": 90,
                    "texture": "#0"
                }
            }
        },
        {
            "from": [
                7.693,
                -1.06522,
                7.02092
            ],
            "to": [
                8.307,
                -0.21522,
                8.17092
            ],
            "rotation": {
                "angle": 45,
                "axis": "x",
                "origin": [
                    8,
                    -0.48759,
                    8.46511
                ]
            },
            "faces": {
                "east": {
                    "uv": [
                        12.88889,
                        10.11111,
                        13.44444,
                        9.77778
                    ],
                    "texture": "#0",
                    "cullface": "down"
                },
                "south": {
                    "uv": [
                        13.77778,
                        3.88889,
                        14.11111,
                        3.55556
                    ],
                    "texture": "#0",
                    "cullface": "down"
                },
                "west": {
                    "uv": [
                        13.44444,
                        10.11111,
                        12.88889,
                        9.77778
                    ],
                    "texture": "#0",
                    "cullface": "down"
                },
                "up": {
                    "uv": [
                        13.33333,
                        1.33333,
                        13.88889,
                        1.66667
                    ],
                    "rotation": 270,
                    "texture": "#0",
                    "cullface": "down"
                },
                "down": {
                    "uv": [
                        12.88889,
                        13.22222,
                        13.44444,
                        12.88889
                    ],
                    "rotation": 90,
                    "texture": "#0",
                    "cullface": "down"
                }
            }
        },
        {
            "from": [
                7.6985,
                -1.26156,
                7.75416
            ],
            "to": [
                8.3015,
                -0.11156,
                8.60416
            ],
            "rotation": {
                "angle": -22.5,
                "axis": "x",
                "origin": [
                    8,
                    -0.48759,
                    8.46511
                ]
            },
            "faces": {
                "north": {
                    "uv": [
                        12.88889,
                        11.22222,
                        13.22222,
                        10.66667
                    ],
                    "texture": "#0",
                    "cullface": "down"
                },
                "east": {
                    "uv": [
                        12.88889,
                        9.44444,
                        13.22222,
                        8.88889
                    ],
                    "texture": "#0",
                    "cullface": "down"
                },
                "south": {
                    "uv": [
                        10.22222,
                        13.44444,
                        10.55556,
                        12.88889
                    ],
                    "texture": "#0",
                    "cullface": "down"
                },
                "west": {
                    "uv": [
                        13.22222,
                        9.44444,
                        12.88889,
                        8.88889
                    ],
                    "texture": "#0",
                    "cullface": "down"
                },
                "down": {
                    "uv": [
                        3.11111,
                        14.11111,
                        3.44444,
                        13.77778
                    ],
                    "rotation": 90,
                    "texture": "#0",
                    "cullface": "down"
                }
            }
        },
        {
            "from": [
                7.75,
                -1.08551,
                7.84338
            ],
            "to": [
                8.25,
                -0.48551,
                9.99338
            ],
            "rotation": {
                "angle": -22.5,
                "axis": "x",
                "origin": [
                    8,
                    -0.48759,
                    8.46511
                ]
            },
            "faces": {
                "east": {
                    "uv": [
                        12.88889,
                        0.66667,
                        13.88889,
                        0.44444
                    ],
                    "texture": "#0",
                    "cullface": "down"
                },
                "south": {
                    "uv": [
                        5.77778,
                        14,
                        6.11111,
                        13.77778
                    ],
                    "texture": "#0",
                    "cullface": "down"
                },
                "west": {
                    "uv": [
                        13.88889,
                        0.66667,
                        12.88889,
                        0.44444
                    ],
                    "texture": "#0",
                    "cullface": "down"
                },
                "up": {
                    "uv": [
                        9.33333,
                        11.55556,
                        10.33333,
                        11.88889
                    ],
                    "rotation": 270,
                    "texture": "#0",
                    "cullface": "down"
                },
                "down": {
                    "uv": [
                        11.55556,
                        9.22222,
                        12.55556,
                        8.88889
                    ],
                    "rotation": 90,
                    "texture": "#0",
                    "cullface": "down"
                }
            }
        },
        {
            "from": [
                7.7,
                -1.53759,
                8.50967
            ],
            "to": [
                8.3,
                -0.93759,
                11.90967
            ],
            "rotation": {
                "angle": 22.5,
                "axis": "x",
                "origin": [
                    8,
                    -0.48759,
                    8.46511
                ]
            },
            "faces": {
                "east": {
                    "uv": [
                        11.55556,
                        4.66667,
                        13.11111,
                        4.44444
                    ],
                    "texture": "#0",
                    "cullface": "down"
                },
                "south": {
                    "uv": [
                        13.77778,
                        5.11111,
                        14.11111,
                        4.88889
                    ],
                    "texture": "#0",
                    "cullface": "down"
                },
                "west": {
                    "uv": [
                        13.11111,
                        4.66667,
                        11.55556,
                        4.44444
                    ],
                    "texture": "#0",
                    "cullface": "down"
                },
                "up": {
                    "uv": [
                        8.88889,
                        8.44444,
                        10.44444,
                        8.77778
                    ],
                    "rotation": 270,
                    "texture": "#0",
                    "cullface": "down"
                },
                "down": {
                    "uv": [
                        8.88889,
                        8.33333,
                        10.44444,
                        8
                    ],
                    "rotation": 90,
                    "texture": "#0",
                    "cullface": "down"
                }
            }
        }
    ],
    "gui_light": "front",
    "display": {
        "thirdperson_righthand": {
            "translation": [
                0,
                -2,
                0.75
            ]
        },
        "thirdperson_lefthand": {
            "translation": [
                0,
                -2,
                0.75
            ]
        },
        "firstperson_righthand": {
            "rotation": [
                0.25,
                0,
                3.25
            ],
            "translation": [
                10.25,
                1.75,
                -5.75
            ]
        },
        "firstperson_lefthand": {
            "rotation": [
                0.25,
                0,
                3.25
            ],
            "translation": [
                10.25,
                1.75,
                -5.75
            ]
        },
        "ground": {
            "rotation": [
                0,
                0,
                69
            ],
            "translation": [
                0,
                1.75,
                0
            ],
            "scale": [
                0.6,
                0.6,
                0.6
            ]
        },
        "gui": {
            "rotation": [
                90,
                45,
                -90
            ],
            "scale": [
                0.71,
                0.71,
                0.71
            ]
        },
        "head": {
            "rotation": [
                0,
                90,
                0
            ],
            "scale": [
                0.01,
                0.01,
                0.01
            ]
        },
        "fixed": {
            "rotation": [
                0,
                -90,
                0
            ],
            "translation": [
                0,
                0,
                -0.5
            ]
        }
    },
    "groups": [
        {
            "name": "bow",
            "origin": [
                6.50855,
                -8.25781,
                7.9725
            ],
            "color": 0,
            "nbt": "{}",
            "children": [
                0,
                {
                    "name": "group",
                    "origin": [
                        8,
                        -9.591,
                        8
                    ],
                    "color": 0,
                    "nbt": "{}",
                    "children": [
                        1,
                        2,
                        3,
                        4,
                        5
                    ]
                },
                {
                    "name": "group",
                    "origin": [
                        8,
                        19.76489,
                        4.53465
                    ],
                    "color": 0,
                    "nbt": "{}",
                    "children": [
                        6,
                        7,
                        8,
                        9,
                        10,
                        11,
                        12,
                        13,
                        14,
                        15,
                        16,
                        17,
                        18,
                        19,
                        20,
                        21,
                        22
                    ]
                },
                {
                    "name": "group",
                    "origin": [
                        8,
                        19.76489,
                        4.53465
                    ],
                    "color": 0,
                    "nbt": "{}",
                    "children": [
                        23,
                        24,
                        25,
                        26,
                        27,
                        28,
                        29,
                        30,
                        31,
                        32,
                        33,
                        34,
                        35,
                        36,
                        37,
                        38
                    ]
                }
            ]
        }
    ]
}