{
    "credit": "Made with Blockbench",
    "textures": {
        "0": "draculaset:sword",
        "1": "draculaset:demon_eye",
        "2": "draculaset:paralyzed",
        "3": "draculaset:sleep",
        "4": "draculaset:smoke",
        "particle": "draculaset:sword"
    },
    "elements": [
        {
            "from": [
                7.95,
                -1.091,
                -0.5
            ],
            "to": [
                8.05,
                15.909,
                16.5
            ],
            "rotation": {
                "angle": 0,
                "axis": "y",
                "origin": [
                    8,
                    1.24373,
                    8
                ]
            },
            "faces": {
                "east": {
                    "uv": [
                        0,
                        0,
                        16,
                        16
                    ],
                    "texture": "#2",
                    "cullface": "down"
                },
                "west": {
                    "uv": [
                        16,
                        0,
                        0,
                        16
                    ],
                    "texture": "#2",
                    "cullface": "down"
                }
            }
        },
        {
            "from": [
                8.87428,
                -5.02485,
                -0.5
            ],
            "to": [
                8.97428,
                11.97515,
                16.5
            ],
            "rotation": {
                "angle": 22.5,
                "axis": "z",
                "origin": [
                    8,
                    1.24373,
                    8
                ]
            },
            "faces": {
                "east": {
                    "uv": [
                        0,
                        0,
                        16,
                        16
                    ],
                    "texture": "#3",
                    "cullface": "down"
                }
            }
        },
        {
            "from": [
                7.02572,
                -5.02485,
                -0.5
            ],
            "to": [
                7.12572,
                11.97515,
                16.5
            ],
            "rotation": {
                "angle": -22.5,
                "axis": "z",
                "origin": [
                    8,
                    1.24373,
                    8
                ]
            },
            "faces": {
                "west": {
                    "uv": [
                        16,
                        0,
                        0,
                        16
                    ],
                    "texture": "#3",
                    "cullface": "down"
                }
            }
        },
        {
            "from": [
                7.9,
                3.90133,
                2.99925
            ],
            "to": [
                8.1,
                11.90133,
                10.99925
            ],
            "rotation": {
                "angle": 45,
                "axis": "x",
                "origin": [
                    8,
                    1.24373,
                    8
                ]
            },
            "faces": {
                "east": {
                    "uv": [
                        16,
                        0,
                        0,
                        16
                    ],
                    "texture": "#4",
                    "cullface": "down"
                },
                "west": {
                    "uv": [
                        0,
                        0,
                        16,
                        16
                    ],
                    "texture": "#4",
                    "cullface": "down"
                }
            }
        },
        {
            "from": [
                8,
                3.909,
                6
            ],
            "to": [
                8,
                7.909,
                10
            ],
            "rotation": {
                "angle": 0,
                "axis": "y",
                "origin": [
                    8,
                    1.24373,
                    8
                ]
            },
            "faces": {
                "east": {
                    "uv": [
                        0,
                        0,
                        16,
                        16
                    ],
                    "texture": "#1",
                    "cullface": "down"
                },
                "west": {
                    "uv": [
                        16,
                        0,
                        0,
                        16
                    ],
                    "texture": "#1",
                    "cullface": "down"
                }
            }
        },
        {
            "from": [
                7.461,
                -5.89373,
                7.15
            ],
            "to": [
                8.539,
                -5.04373,
                8.85
            ],
            "rotation": {
                "angle": 0,
                "axis": "y",
                "origin": [
                    8,
                    1.24373,
                    8
                ]
            },
            "faces": {
                "east": {
                    "uv": [
                        12,
                        6.22222,
                        12.77778,
                        6.55556
                    ],
                    "texture": "#0",
                    "cullface": "down"
                },
                "west": {
                    "uv": [
                        12,
                        6.22222,
                        12.77778,
                        6.55556
                    ],
                    "texture": "#0",
                    "cullface": "down"
                },
                "up": {
                    "uv": [
                        11.44444,
                        5.33333,
                        10.66667,
                        4.88889
                    ],
                    "rotation": 90,
                    "texture": "#0",
                    "cullface": "down"
                },
                "down": {
                    "uv": [
                        11.44444,
                        5.33333,
                        10.66667,
                        5.77778
                    ],
                    "rotation": 270,
                    "texture": "#0",
                    "cullface": "down"
                }
            }
        },
        {
            "from": [
                7.45,
                -5.44462,
                13.58834
            ],
            "to": [
                8.55,
                -4.34462,
                14.68834
            ],
            "rotation": {
                "angle": 45,
                "axis": "x",
                "origin": [
                    8,
                    1.24373,
                    8
                ]
            },
            "faces": {
                "north": {
                    "uv": [
                        12.88889,
                        2.22222,
                        13.33333,
                        2.66667
                    ],
                    "texture": "#0",
                    "cullface": "down"
                },
                "east": {
                    "uv": [
                        10.66667,
                        8.44444,
                        11.11111,
                        8.88889
                    ],
                    "texture": "#0",
                    "cullface": "down"
                },
                "south": {
                    "uv": [
                        12.88889,
                        1.33333,
                        13.33333,
                        1.77778
                    ],
                    "texture": "#0",
                    "cullface": "down"
                },
                "west": {
                    "uv": [
                        11.11111,
                        8.44444,
                        10.66667,
                        8.88889
                    ],
                    "texture": "#0",
                    "cullface": "down"
                },
                "up": {
                    "uv": [
                        13.33333,
                        3.11111,
                        12.88889,
                        2.66667
                    ],
                    "rotation": 90,
                    "texture": "#0",
                    "cullface": "down"
                },
                "down": {
                    "uv": [
                        13.33333,
                        3.11111,
                        12.88889,
                        3.55556
                    ],
                    "rotation": 270,
                    "texture": "#0",
                    "cullface": "down"
                }
            }
        },
        {
            "from": [
                7.45,
                2.41034,
                5.53339
            ],
            "to": [
                8.55,
                3.71034,
                6.83339
            ],
            "rotation": {
                "angle": 45,
                "axis": "x",
                "origin": [
                    8,
                    1.24373,
                    8
                ]
            },
            "faces": {
                "north": {
                    "uv": [
                        12.88889,
                        1.33333,
                        13.33333,
                        1.77778
                    ],
                    "rotation": 180,
                    "texture": "#0",
                    "cullface": "down"
                },
                "east": {
                    "uv": [
                        10.66667,
                        8.44444,
                        11.11111,
                        8.88889
                    ],
                    "rotation": 180,
                    "texture": "#0",
                    "cullface": "down"
                },
                "south": {
                    "uv": [
                        12.88889,
                        2.22222,
                        13.33333,
                        2.66667
                    ],
                    "rotation": 180,
                    "texture": "#0",
                    "cullface": "down"
                },
                "west": {
                    "uv": [
                        11.11111,
                        8.44444,
                        10.66667,
                        8.88889
                    ],
                    "rotation": 180,
                    "texture": "#0",
                    "cullface": "down"
                },
                "up": {
                    "uv": [
                        13.33333,
                        3.11111,
                        12.88889,
                        3.55556
                    ],
                    "rotation": 270,
                    "texture": "#0",
                    "cullface": "down"
                },
                "down": {
                    "uv": [
                        13.33333,
                        3.11111,
                        12.88889,
                        2.66667
                    ],
                    "rotation": 90,
                    "texture": "#0",
                    "cullface": "down"
                }
            }
        },
        {
            "from": [
                7.4,
                0.42437,
                6.96936
            ],
            "to": [
                8.6,
                2.27437,
                8.81936
            ],
            "rotation": {
                "angle": 45,
                "axis": "x",
                "origin": [
                    8,
                    1.24373,
                    8
                ]
            },
            "faces": {
                "north": {
                    "uv": [
                        7.55556,
                        10.66667,
                        8,
                        11.44444
                    ],
                    "texture": "#0"
                },
                "east": {
                    "uv": [
                        7.11111,
                        8.88889,
                        7.88889,
                        9.66667
                    ],
                    "texture": "#0"
                },
                "south": {
                    "uv": [
                        7.11111,
                        10.66667,
                        7.55556,
                        11.44444
                    ],
                    "texture": "#0"
                },
                "west": {
                    "uv": [
                        7.88889,
                        8.88889,
                        7.11111,
                        9.66667
                    ],
                    "texture": "#0"
                },
                "up": {
                    "uv": [
                        11.44444,
                        6.22222,
                        10.66667,
                        5.77778
                    ],
                    "rotation": 90,
                    "texture": "#0"
                },
                "down": {
                    "uv": [
                        11.44444,
                        8,
                        10.66667,
                        8.44444
                    ],
                    "rotation": 270,
                    "texture": "#0"
                }
            }
        },
        {
            "from": [
                7.5,
                0.46813,
                7.075
            ],
            "to": [
                8.5,
                2.31813,
                8.925
            ],
            "rotation": {
                "angle": 0,
                "axis": "y",
                "origin": [
                    8,
                    1.24373,
                    8
                ]
            },
            "faces": {
                "east": {
                    "uv": [
                        7.11111,
                        9.77778,
                        7.88889,
                        10.55556
                    ],
                    "texture": "#0"
                },
                "west": {
                    "uv": [
                        7.88889,
                        9.77778,
                        7.11111,
                        10.55556
                    ],
                    "texture": "#0"
                }
            }
        },
        {
            "from": [
                7.461,
                7.35627,
                6.9
            ],
            "to": [
                8.539,
                8.35627,
                9.1
            ],
            "rotation": {
                "angle": 0,
                "axis": "y",
                "origin": [
                    8,
                    1.24373,
                    8
                ]
            },
            "faces": {
                "east": {
                    "uv": [
                        9.77778,
                        7.11111,
                        10.77778,
                        7.55556
                    ],
                    "texture": "#0"
                },
                "west": {
                    "uv": [
                        9.77778,
                        7.11111,
                        10.77778,
                        7.55556
                    ],
                    "texture": "#0"
                },
                "up": {
                    "uv": [
                        9.88889,
                        10.22222,
                        8.88889,
                        9.77778
                    ],
                    "rotation": 90,
                    "texture": "#0"
                },
                "down": {
                    "uv": [
                        10.77778,
                        8.88889,
                        9.77778,
                        9.33333
                    ],
                    "rotation": 270,
                    "texture": "#0",
                    "cullface": "down"
                }
            }
        },
        {
            "from": [
                7.593,
                0.73149,
                7.55365
            ],
            "to": [
                8.407,
                2.38149,
                8.65365
            ],
            "rotation": {
                "angle": 45,
                "axis": "x",
                "origin": [
                    8,
                    1.24373,
                    8
                ]
            },
            "faces": {
                "north": {
                    "uv": [
                        12,
                        8,
                        12.33333,
                        8.77778
                    ],
                    "texture": "#0"
                },
                "east": {
                    "uv": [
                        11.11111,
                        10.22222,
                        11.55556,
                        11
                    ],
                    "texture": "#0"
                },
                "south": {
                    "uv": [
                        12,
                        7.11111,
                        12.33333,
                        7.88889
                    ],
                    "texture": "#0"
                },
                "west": {
                    "uv": [
                        11.55556,
                        10.22222,
                        11.11111,
                        11
                    ],
                    "texture": "#0"
                },
                "up": {
                    "uv": [
                        13.77778,
                        8.77778,
                        13.33333,
                        8.44444
                    ],
                    "rotation": 90,
                    "texture": "#0"
                }
            }
        },
        {
            "from": [
                7.6,
                0.04123,
                9.1395
            ],
            "to": [
                8.4,
                1.69123,
                10.2395
            ],
            "rotation": {
                "angle": -45,
                "axis": "x",
                "origin": [
                    8,
                    1.24373,
                    8
                ]
            },
            "faces": {
                "north": {
                    "uv": [
                        12,
                        12,
                        12.33333,
                        12.77778
                    ],
                    "texture": "#0"
                },
                "east": {
                    "uv": [
                        11.55556,
                        0.88889,
                        12,
                        1.66667
                    ],
                    "texture": "#0"
                },
                "south": {
                    "uv": [
                        10.22222,
                        12,
                        10.55556,
                        12.77778
                    ],
                    "texture": "#0"
                },
                "west": {
                    "uv": [
                        12,
                        0.88889,
                        11.55556,
                        1.66667
                    ],
                    "texture": "#0"
                },
                "up": {
                    "uv": [
                        13.77778,
                        9.66667,
                        13.33333,
                        9.33333
                    ],
                    "rotation": 90,
                    "texture": "#0"
                },
                "down": {
                    "uv": [
                        10.22222,
                        13.33333,
                        9.77778,
                        13.66667
                    ],
                    "rotation": 270,
                    "texture": "#0"
                }
            }
        },
        {
            "from": [
                7.61,
                1.51419,
                8.99777
            ],
            "to": [
                8.39,
                3.16419,
                9.89777
            ],
            "rotation": {
                "angle": -22.5,
                "axis": "x",
                "origin": [
                    8,
                    1.24373,
                    8
                ]
            },
            "faces": {
                "north": {
                    "uv": [
                        12.44444,
                        3.55556,
                        12.77778,
                        4.33333
                    ],
                    "texture": "#0"
                },
                "east": {
                    "uv": [
                        11.55556,
                        2.66667,
                        12,
                        3.44444
                    ],
                    "texture": "#0"
                },
                "south": {
                    "uv": [
                        12.44444,
                        0,
                        12.77778,
                        0.77778
                    ],
                    "texture": "#0"
                },
                "west": {
                    "uv": [
                        12,
                        2.66667,
                        11.55556,
                        3.44444
                    ],
                    "texture": "#0"
                },
                "up": {
                    "uv": [
                        13.77778,
                        10.55556,
                        13.33333,
                        10.22222
                    ],
                    "rotation": 90,
                    "texture": "#0"
                }
            }
        },
        {
            "from": [
                8,
                2.7795,
                -1.0705
            ],
            "to": [
                8,
                8.8795,
                5.5705
            ],
            "rotation": {
                "angle": 0,
                "axis": "y",
                "origin": [
                    8,
                    1.24373,
                    8
                ]
            },
            "faces": {
                "east": {
                    "uv": [
                        2.69444,
                        0,
                        5.30556,
                        2.88888
                    ],
                    "rotation": 90,
                    "texture": "#0"
                },
                "west": {
                    "uv": [
                        5.30556,
                        0,
                        2.69444,
                        2.88888
                    ],
                    "rotation": 270,
                    "texture": "#0"
                }
            }
        },
        {
            "from": [
                8,
                -9.341,
                5.8
            ],
            "to": [
                8,
                -5.741,
                10.2
            ],
            "rotation": {
                "angle": 0,
                "axis": "y",
                "origin": [
                    8,
                    1.24373,
                    8
                ]
            },
            "faces": {
                "east": {
                    "uv": [
                        8,
                        3.55556,
                        10,
                        5.11111
                    ],
                    "texture": "#0",
                    "cullface": "down"
                },
                "west": {
                    "uv": [
                        8,
                        3.55556,
                        10,
                        5.11111
                    ],
                    "texture": "#0",
                    "cullface": "down"
                }
            }
        },
        {
            "from": [
                7.593,
                0.73149,
                7.34635
            ],
            "to": [
                8.407,
                2.38149,
                8.44635
            ],
            "rotation": {
                "angle": -45,
                "axis": "x",
                "origin": [
                    8,
                    1.24373,
                    8
                ]
            },
            "faces": {
                "north": {
                    "uv": [
                        12.33333,
                        7.11111,
                        12,
                        7.88889
                    ],
                    "texture": "#0"
                },
                "east": {
                    "uv": [
                        11.55556,
                        10.22222,
                        11.11111,
                        11
                    ],
                    "texture": "#0"
                },
                "south": {
                    "uv": [
                        12.33333,
                        8,
                        12,
                        8.77778
                    ],
                    "texture": "#0"
                },
                "west": {
                    "uv": [
                        11.11111,
                        10.22222,
                        11.55556,
                        11
                    ],
                    "texture": "#0"
                },
                "up": {
                    "uv": [
                        13.33333,
                        8.77778,
                        13.77778,
                        8.44444
                    ],
                    "rotation": 90,
                    "texture": "#0"
                }
            }
        },
        {
            "from": [
                7.6,
                0.04123,
                5.7605
            ],
            "to": [
                8.4,
                1.69123,
                6.8605
            ],
            "rotation": {
                "angle": 45,
                "axis": "x",
                "origin": [
                    8,
                    1.24373,
                    8
                ]
            },
            "faces": {
                "north": {
                    "uv": [
                        10.55556,
                        12,
                        10.22222,
                        12.77778
                    ],
                    "texture": "#0"
                },
                "east": {
                    "uv": [
                        12,
                        0.88889,
                        11.55556,
                        1.66667
                    ],
                    "texture": "#0"
                },
                "south": {
                    "uv": [
                        12.33333,
                        12,
                        12,
                        12.77778
                    ],
                    "texture": "#0"
                },
                "west": {
                    "uv": [
                        11.55556,
                        0.88889,
                        12,
                        1.66667
                    ],
                    "texture": "#0"
                },
                "up": {
                    "uv": [
                        13.33333,
                        9.66667,
                        13.77778,
                        9.33333
                    ],
                    "rotation": 90,
                    "texture": "#0"
                },
                "down": {
                    "uv": [
                        9.77778,
                        13.33333,
                        10.22222,
                        13.66667
                    ],
                    "rotation": 270,
                    "texture": "#0"
                }
            }
        },
        {
            "from": [
                7.61,
                1.51419,
                6.10223
            ],
            "to": [
                8.39,
                3.16419,
                7.00223
            ],
            "rotation": {
                "angle": 22.5,
                "axis": "x",
                "origin": [
                    8,
                    1.24373,
                    8
                ]
            },
            "faces": {
                "north": {
                    "uv": [
                        12.77778,
                        0,
                        12.44444,
                        0.77778
                    ],
                    "texture": "#0"
                },
                "east": {
                    "uv": [
                        12,
                        2.66667,
                        11.55556,
                        3.44444
                    ],
                    "texture": "#0"
                },
                "south": {
                    "uv": [
                        12.77778,
                        3.55556,
                        12.44444,
                        4.33333
                    ],
                    "texture": "#0"
                },
                "west": {
                    "uv": [
                        11.55556,
                        2.66667,
                        12,
                        3.44444
                    ],
                    "texture": "#0"
                },
                "up": {
                    "uv": [
                        13.33333,
                        10.55556,
                        13.77778,
                        10.22222
                    ],
                    "rotation": 90,
                    "texture": "#0"
                }
            }
        },
        {
            "from": [
                7.6,
                6.13406,
                4.60568
            ],
            "to": [
                8.4,
                7.23406,
                6.25568
            ],
            "rotation": {
                "angle": 0,
                "axis": "y",
                "origin": [
                    8,
                    1.24373,
                    8
                ]
            },
            "faces": {
                "north": {
                    "uv": [
                        13.33333,
                        11.55556,
                        13.77778,
                        11.88889
                    ],
                    "rotation": 90,
                    "texture": "#0"
                },
                "east": {
                    "uv": [
                        12,
                        7,
                        11.55556,
                        6.22222
                    ],
                    "rotation": 270,
                    "texture": "#0"
                },
                "south": {
                    "uv": [
                        12,
                        13.66667,
                        12.44444,
                        13.33333
                    ],
                    "rotation": 90,
                    "texture": "#0"
                },
                "west": {
                    "uv": [
                        11.55556,
                        7,
                        12,
                        6.22222
                    ],
                    "rotation": 90,
                    "texture": "#0"
                },
                "up": {
                    "uv": [
                        7.44444,
                        13.22222,
                        7.11111,
                        12.44444
                    ],
                    "rotation": 180,
                    "texture": "#0"
                },
                "down": {
                    "uv": [
                        12.77778,
                        7.88889,
                        12.44444,
                        7.11111
                    ],
                    "texture": "#0"
                }
            }
        },
        {
            "from": [
                7.61,
                4.41739,
                2.01404
            ],
            "to": [
                8.39,
                5.51739,
                3.66404
            ],
            "rotation": {
                "angle": 22.5,
                "axis": "x",
                "origin": [
                    8,
                    1.24373,
                    8
                ]
            },
            "faces": {
                "north": {
                    "uv": [
                        13.33333,
                        12,
                        13.77778,
                        12.33333
                    ],
                    "rotation": 90,
                    "texture": "#0"
                },
                "east": {
                    "uv": [
                        12,
                        7.88889,
                        11.55556,
                        7.11111
                    ],
                    "rotation": 270,
                    "texture": "#0"
                },
                "south": {
                    "uv": [
                        12.44444,
                        13.66667,
                        12.88889,
                        13.33333
                    ],
                    "rotation": 90,
                    "texture": "#0"
                },
                "west": {
                    "uv": [
                        11.55556,
                        7.88889,
                        12,
                        7.11111
                    ],
                    "rotation": 90,
                    "texture": "#0"
                },
                "up": {
                    "uv": [
                        7.88889,
                        13.22222,
                        7.55556,
                        12.44444
                    ],
                    "rotation": 180,
                    "texture": "#0"
                },
                "down": {
                    "uv": [
                        12.77778,
                        8.77778,
                        12.44444,
                        8
                    ],
                    "texture": "#0"
                }
            }
        },
        {
            "from": [
                7.461,
                3.40627,
                6.845
            ],
            "to": [
                8.539,
                4.50627,
                9.155
            ],
            "rotation": {
                "angle": 0,
                "axis": "y",
                "origin": [
                    8,
                    1.24373,
                    8
                ]
            },
            "faces": {
                "north": {
                    "uv": [
                        12.88889,
                        6.66667,
                        13.33333,
                        7.11111
                    ],
                    "texture": "#0",
                    "cullface": "down"
                },
                "east": {
                    "uv": [
                        9.77778,
                        9.33333,
                        10.77778,
                        9.77778
                    ],
                    "texture": "#0",
                    "cullface": "down"
                },
                "south": {
                    "uv": [
                        6.66667,
                        12.88889,
                        7.11111,
                        13.33333
                    ],
                    "texture": "#0",
                    "cullface": "down"
                },
                "west": {
                    "uv": [
                        10.77778,
                        9.33333,
                        9.77778,
                        9.77778
                    ],
                    "texture": "#0",
                    "cullface": "down"
                },
                "up": {
                    "uv": [
                        11.22222,
                        4.44444,
                        10.22222,
                        4
                    ],
                    "rotation": 90,
                    "texture": "#0",
                    "cullface": "down"
                },
                "down": {
                    "uv": [
                        11.22222,
                        4.44444,
                        10.22222,
                        4.88889
                    ],
                    "rotation": 270,
                    "texture": "#0",
                    "cullface": "down"
                }
            }
        },
        {
            "from": [
                7.461,
                -1.75373,
                7.45
            ],
            "to": [
                8.539,
                -1.09373,
                8.55
            ],
            "rotation": {
                "angle": 0,
                "axis": "y",
                "origin": [
                    8,
                    1.24373,
                    8
                ]
            },
            "faces": {
                "north": {
                    "uv": [
                        1.33333,
                        13.77778,
                        1.77778,
                        14.11111
                    ],
                    "texture": "#0",
                    "cullface": "down"
                },
                "east": {
                    "uv": [
                        0,
                        13.77778,
                        0.44444,
                        14.11111
                    ],
                    "texture": "#0",
                    "cullface": "down"
                },
                "south": {
                    "uv": [
                        0.44444,
                        13.77778,
                        0.88889,
                        14.11111
                    ],
                    "texture": "#0",
                    "cullface": "down"
                },
                "west": {
                    "uv": [
                        0.88889,
                        13.77778,
                        1.33333,
                        14.11111
                    ],
                    "texture": "#0",
                    "cullface": "down"
                },
                "down": {
                    "uv": [
                        13.33333,
                        7.55556,
                        12.88889,
                        8
                    ],
                    "rotation": 270,
                    "texture": "#0",
                    "cullface": "down"
                }
            }
        },
        {
            "from": [
                7.461,
                -5.05373,
                7.45
            ],
            "to": [
                8.539,
                -4.39373,
                8.55
            ],
            "rotation": {
                "angle": 0,
                "axis": "y",
                "origin": [
                    8,
                    1.24373,
                    8
                ]
            },
            "faces": {
                "north": {
                    "uv": [
                        1.33333,
                        14.11111,
                        1.77778,
                        13.77778
                    ],
                    "texture": "#0",
                    "cullface": "down"
                },
                "east": {
                    "uv": [
                        0,
                        14.11111,
                        0.44444,
                        13.77778
                    ],
                    "texture": "#0",
                    "cullface": "down"
                },
                "south": {
                    "uv": [
                        0.44444,
                        14.11111,
                        0.88889,
                        13.77778
                    ],
                    "texture": "#0",
                    "cullface": "down"
                },
                "west": {
                    "uv": [
                        0.88889,
                        14.11111,
                        1.33333,
                        13.77778
                    ],
                    "texture": "#0",
                    "cullface": "down"
                },
                "up": {
                    "uv": [
                        13.33333,
                        8,
                        12.88889,
                        7.55556
                    ],
                    "rotation": 90,
                    "texture": "#0",
                    "cullface": "down"
                }
            }
        },
        {
            "from": [
                7.5985,
                -4.50373,
                7.5875
            ],
            "to": [
                8.4015,
                -1.64373,
                8.4125
            ],
            "rotation": {
                "angle": 0,
                "axis": "y",
                "origin": [
                    8,
                    1.24373,
                    8
                ]
            },
            "faces": {
                "north": {
                    "uv": [
                        9.77778,
                        10.22222,
                        10.11111,
                        11.44444
                    ],
                    "texture": "#0",
                    "cullface": "down"
                },
                "east": {
                    "uv": [
                        10.22222,
                        4.88889,
                        10.55556,
                        6.11111
                    ],
                    "texture": "#0",
                    "cullface": "down"
                },
                "south": {
                    "uv": [
                        8.88889,
                        10.22222,
                        9.22222,
                        11.44444
                    ],
                    "texture": "#0",
                    "cullface": "down"
                },
                "west": {
                    "uv": [
                        9.33333,
                        10.22222,
                        9.66667,
                        11.44444
                    ],
                    "texture": "#0",
                    "cullface": "down"
                }
            }
        },
        {
            "from": [
                7.5985,
                -1.50373,
                7.5875
            ],
            "to": [
                8.4015,
                1.35627,
                8.4125
            ],
            "rotation": {
                "angle": 0,
                "axis": "y",
                "origin": [
                    8,
                    1.24373,
                    8
                ]
            },
            "faces": {
                "north": {
                    "uv": [
                        9.77778,
                        10.22222,
                        10.11111,
                        11.44444
                    ],
                    "texture": "#0",
                    "cullface": "down"
                },
                "east": {
                    "uv": [
                        10.22222,
                        4.88889,
                        10.55556,
                        6.11111
                    ],
                    "texture": "#0",
                    "cullface": "down"
                },
                "south": {
                    "uv": [
                        8.88889,
                        10.22222,
                        9.22222,
                        11.44444
                    ],
                    "texture": "#0",
                    "cullface": "down"
                },
                "west": {
                    "uv": [
                        9.33333,
                        10.22222,
                        9.66667,
                        11.44444
                    ],
                    "texture": "#0",
                    "cullface": "down"
                }
            }
        },
        {
            "from": [
                7.4555,
                3.84524,
                2.19285
            ],
            "to": [
                8.5445,
                5.49524,
                3.29285
            ],
            "rotation": {
                "angle": 45,
                "axis": "x",
                "origin": [
                    8,
                    1.24373,
                    8
                ]
            },
            "faces": {
                "north": {
                    "uv": [
                        11.55556,
                        7.11111,
                        11.11111,
                        7.88889
                    ],
                    "texture": "#0"
                },
                "east": {
                    "uv": [
                        11.55556,
                        6.22222,
                        11.11111,
                        7
                    ],
                    "texture": "#0"
                },
                "south": {
                    "uv": [
                        11.55556,
                        9.33333,
                        11.11111,
                        10.11111
                    ],
                    "texture": "#0",
                    "cullface": "down"
                },
                "west": {
                    "uv": [
                        11.11111,
                        6.22222,
                        11.55556,
                        7
                    ],
                    "texture": "#0"
                },
                "up": {
                    "uv": [
                        5.33333,
                        13.33333,
                        5.77778,
                        12.88889
                    ],
                    "rotation": 90,
                    "texture": "#0"
                }
            }
        },
        {
            "from": [
                7.45,
                4.2195,
                3.63046
            ],
            "to": [
                8.55,
                5.8695,
                4.73046
            ],
            "rotation": {
                "angle": 22.5,
                "axis": "x",
                "origin": [
                    8,
                    1.24373,
                    8
                ]
            },
            "faces": {
                "north": {
                    "uv": [
                        11.11111,
                        10.66667,
                        10.66667,
                        11.44444
                    ],
                    "texture": "#0",
                    "cullface": "down"
                },
                "east": {
                    "uv": [
                        10.66667,
                        10.66667,
                        10.22222,
                        11.44444
                    ],
                    "texture": "#0",
                    "cullface": "down"
                },
                "south": {
                    "uv": [
                        11.55556,
                        2.66667,
                        11.11111,
                        3.44444
                    ],
                    "texture": "#0",
                    "cullface": "down"
                },
                "west": {
                    "uv": [
                        10.22222,
                        10.66667,
                        10.66667,
                        11.44444
                    ],
                    "texture": "#0",
                    "cullface": "down"
                },
                "up": {
                    "uv": [
                        12.88889,
                        4,
                        13.33333,
                        3.55556
                    ],
                    "rotation": 90,
                    "texture": "#0",
                    "cullface": "down"
                }
            }
        },
        {
            "from": [
                7.3125,
                5.29457,
                8.60762
            ],
            "to": [
                8.6875,
                6.53207,
                9.84512
            ],
            "rotation": {
                "angle": -45,
                "axis": "x",
                "origin": [
                    8,
                    1.24373,
                    8
                ]
            },
            "faces": {
                "north": {
                    "uv": [
                        10.88889,
                        6.22222,
                        10.22222,
                        6.77778
                    ],
                    "texture": "#0",
                    "cullface": "down"
                },
                "east": {
                    "uv": [
                        12.55556,
                        1.77778,
                        12,
                        2.33333
                    ],
                    "texture": "#0",
                    "cullface": "down"
                },
                "south": {
                    "uv": [
                        10.88889,
                        9.77778,
                        10.22222,
                        10.33333
                    ],
                    "texture": "#0",
                    "cullface": "down"
                },
                "west": {
                    "uv": [
                        12,
                        1.77778,
                        12.55556,
                        2.33333
                    ],
                    "texture": "#0",
                    "cullface": "down"
                },
                "up": {
                    "uv": [
                        10.66667,
                        0.66667,
                        11.22222,
                        0
                    ],
                    "rotation": 90,
                    "texture": "#0",
                    "cullface": "down"
                },
                "down": {
                    "uv": [
                        10.66667,
                        0.88889,
                        11.22222,
                        1.55556
                    ],
                    "rotation": 270,
                    "texture": "#0",
                    "cullface": "down"
                }
            }
        },
        {
            "from": [
                7.5875,
                3.64457,
                8.74512
            ],
            "to": [
                8.4125,
                5.43207,
                9.70762
            ],
            "rotation": {
                "angle": -45,
                "axis": "x",
                "origin": [
                    8,
                    1.24373,
                    8
                ]
            },
            "faces": {
                "north": {
                    "uv": [
                        9.22222,
                        12.44444,
                        8.88889,
                        13.22222
                    ],
                    "texture": "#0",
                    "cullface": "down"
                },
                "east": {
                    "uv": [
                        12,
                        8,
                        11.55556,
                        8.77778
                    ],
                    "texture": "#0",
                    "cullface": "down"
                },
                "south": {
                    "uv": [
                        9.66667,
                        12.44444,
                        9.33333,
                        13.22222
                    ],
                    "texture": "#0",
                    "cullface": "down"
                },
                "west": {
                    "uv": [
                        11.55556,
                        8,
                        12,
                        8.77778
                    ],
                    "texture": "#0",
                    "cullface": "down"
                },
                "down": {
                    "uv": [
                        13.33333,
                        13.33333,
                        13.77778,
                        13.66667
                    ],
                    "rotation": 270,
                    "texture": "#0",
                    "cullface": "down"
                }
            }
        },
        {
            "from": [
                7.593,
                7.20924,
                6.96471
            ],
            "to": [
                8.407,
                8.35924,
                7.81471
            ],
            "rotation": {
                "angle": 22.5,
                "axis": "x",
                "origin": [
                    8,
                    1.24373,
                    8
                ]
            },
            "faces": {
                "north": {
                    "uv": [
                        12.88889,
                        12.88889,
                        13.44444,
                        13.22222
                    ],
                    "rotation": 90,
                    "texture": "#0",
                    "cullface": "down"
                },
                "east": {
                    "uv": [
                        13.44444,
                        10.11111,
                        12.88889,
                        9.77778
                    ],
                    "rotation": 270,
                    "texture": "#0",
                    "cullface": "down"
                },
                "south": {
                    "uv": [
                        13.33333,
                        1.66667,
                        13.88889,
                        1.33333
                    ],
                    "rotation": 90,
                    "texture": "#0",
                    "cullface": "down"
                },
                "west": {
                    "uv": [
                        12.88889,
                        10.11111,
                        13.44444,
                        9.77778
                    ],
                    "rotation": 90,
                    "texture": "#0",
                    "cullface": "down"
                },
                "up": {
                    "uv": [
                        14.11111,
                        3.88889,
                        13.77778,
                        3.55556
                    ],
                    "rotation": 180,
                    "texture": "#0",
                    "cullface": "down"
                }
            }
        },
        {
            "from": [
                7.5985,
                7.88851,
                9.7018
            ],
            "to": [
                8.4015,
                9.03851,
                10.5518
            ],
            "rotation": {
                "angle": 0,
                "axis": "y",
                "origin": [
                    8,
                    1.24373,
                    8
                ]
            },
            "faces": {
                "north": {
                    "uv": [
                        12.88889,
                        10.66667,
                        13.22222,
                        11.22222
                    ],
                    "texture": "#0",
                    "cullface": "down"
                },
                "east": {
                    "uv": [
                        12.88889,
                        8.88889,
                        13.22222,
                        9.44444
                    ],
                    "texture": "#0",
                    "cullface": "down"
                },
                "south": {
                    "uv": [
                        10.22222,
                        12.88889,
                        10.55556,
                        13.44444
                    ],
                    "texture": "#0",
                    "cullface": "down"
                },
                "west": {
                    "uv": [
                        13.22222,
                        8.88889,
                        12.88889,
                        9.44444
                    ],
                    "texture": "#0",
                    "cullface": "down"
                },
                "up": {
                    "uv": [
                        3.44444,
                        14.11111,
                        3.11111,
                        13.77778
                    ],
                    "rotation": 90,
                    "texture": "#0",
                    "cullface": "down"
                }
            }
        },
        {
            "from": [
                7.6,
                4.95212,
                14.71509
            ],
            "to": [
                8.4,
                5.55212,
                18.11509
            ],
            "rotation": {
                "angle": -45,
                "axis": "x",
                "origin": [
                    8,
                    1.24373,
                    8
                ]
            },
            "faces": {
                "east": {
                    "uv": [
                        11.55556,
                        4.44444,
                        13.11111,
                        4.66667
                    ],
                    "texture": "#0",
                    "cullface": "down"
                },
                "south": {
                    "uv": [
                        13.77778,
                        4.88889,
                        14.11111,
                        5.11111
                    ],
                    "texture": "#0",
                    "cullface": "down"
                },
                "west": {
                    "uv": [
                        13.11111,
                        4.44444,
                        11.55556,
                        4.66667
                    ],
                    "texture": "#0",
                    "cullface": "down"
                },
                "up": {
                    "uv": [
                        10.44444,
                        8.33333,
                        8.88889,
                        8
                    ],
                    "rotation": 90,
                    "texture": "#0",
                    "cullface": "down"
                },
                "down": {
                    "uv": [
                        10.44444,
                        8.44444,
                        8.88889,
                        8.77778
                    ],
                    "rotation": 270,
                    "texture": "#0",
                    "cullface": "down"
                }
            }
        },
        {
            "from": [
                7.65,
                8.26247,
                9.79101
            ],
            "to": [
                8.35,
                8.86247,
                11.94101
            ],
            "rotation": {
                "angle": 0,
                "axis": "y",
                "origin": [
                    8,
                    1.24373,
                    8
                ]
            },
            "faces": {
                "east": {
                    "uv": [
                        12.88889,
                        0.44444,
                        13.88889,
                        0.66667
                    ],
                    "texture": "#0",
                    "cullface": "down"
                },
                "south": {
                    "uv": [
                        5.77778,
                        13.77778,
                        6.11111,
                        14
                    ],
                    "texture": "#0",
                    "cullface": "down"
                },
                "west": {
                    "uv": [
                        13.88889,
                        0.44444,
                        12.88889,
                        0.66667
                    ],
                    "texture": "#0",
                    "cullface": "down"
                },
                "up": {
                    "uv": [
                        12.55556,
                        9.22222,
                        11.55556,
                        8.88889
                    ],
                    "rotation": 90,
                    "texture": "#0",
                    "cullface": "down"
                },
                "down": {
                    "uv": [
                        10.33333,
                        11.55556,
                        9.33333,
                        11.88889
                    ],
                    "rotation": 270,
                    "texture": "#0",
                    "cullface": "down"
                }
            }
        },
        {
            "from": [
                8,
                1.95212,
                12.71509
            ],
            "to": [
                8,
                5.55212,
                18.11509
            ],
            "rotation": {
                "angle": -45,
                "axis": "x",
                "origin": [
                    8,
                    1.24373,
                    8
                ]
            },
            "faces": {
                "east": {
                    "uv": [
                        8,
                        0,
                        10.44444,
                        1.55556
                    ],
                    "texture": "#0",
                    "cullface": "down"
                },
                "west": {
                    "uv": [
                        10.44444,
                        1.77778,
                        8,
                        3.33333
                    ],
                    "texture": "#0",
                    "cullface": "down"
                }
            }
        },
        {
            "from": [
                7.4555,
                -5.45322,
                11.84486
            ],
            "to": [
                8.5445,
                -3.80322,
                12.69486
            ],
            "rotation": {
                "angle": 45,
                "axis": "x",
                "origin": [
                    8,
                    1.24373,
                    8
                ]
            },
            "faces": {
                "north": {
                    "uv": [
                        11.11111,
                        1.77778,
                        10.66667,
                        2.55556
                    ],
                    "texture": "#0",
                    "cullface": "down"
                },
                "east": {
                    "uv": [
                        11,
                        11.55556,
                        10.66667,
                        12.33333
                    ],
                    "texture": "#0",
                    "cullface": "down"
                },
                "south": {
                    "uv": [
                        11.11111,
                        2.66667,
                        10.66667,
                        3.44444
                    ],
                    "texture": "#0",
                    "cullface": "down"
                },
                "west": {
                    "uv": [
                        10.66667,
                        11.55556,
                        11,
                        12.33333
                    ],
                    "texture": "#0",
                    "cullface": "down"
                },
                "up": {
                    "uv": [
                        13.33333,
                        5.77778,
                        13.66667,
                        5.33333
                    ],
                    "rotation": 90,
                    "texture": "#0",
                    "cullface": "down"
                },
                "down": {
                    "uv": [
                        5.77778,
                        13.33333,
                        6.11111,
                        13.77778
                    ],
                    "rotation": 270,
                    "texture": "#0",
                    "cullface": "down"
                }
            }
        },
        {
            "from": [
                7.4555,
                -5.45322,
                3.30514
            ],
            "to": [
                8.5445,
                -3.80322,
                4.15514
            ],
            "rotation": {
                "angle": -45,
                "axis": "x",
                "origin": [
                    8,
                    1.24373,
                    8
                ]
            },
            "faces": {
                "north": {
                    "uv": [
                        10.66667,
                        2.66667,
                        11.11111,
                        3.44444
                    ],
                    "texture": "#0",
                    "cullface": "down"
                },
                "east": {
                    "uv": [
                        10.66667,
                        11.55556,
                        11,
                        12.33333
                    ],
                    "texture": "#0",
                    "cullface": "down"
                },
                "south": {
                    "uv": [
                        10.66667,
                        1.77778,
                        11.11111,
                        2.55556
                    ],
                    "texture": "#0",
                    "cullface": "down"
                },
                "west": {
                    "uv": [
                        11,
                        11.55556,
                        10.66667,
                        12.33333
                    ],
                    "texture": "#0",
                    "cullface": "down"
                },
                "up": {
                    "uv": [
                        13.66667,
                        5.77778,
                        13.33333,
                        5.33333
                    ],
                    "rotation": 90,
                    "texture": "#0",
                    "cullface": "down"
                },
                "down": {
                    "uv": [
                        6.11111,
                        13.33333,
                        5.77778,
                        13.77778
                    ],
                    "rotation": 270,
                    "texture": "#0",
                    "cullface": "down"
                }
            }
        },
        {
            "from": [
                7.5875,
                3.64457,
                6.29238
            ],
            "to": [
                8.4125,
                5.43207,
                7.25488
            ],
            "rotation": {
                "angle": 45,
                "axis": "x",
                "origin": [
                    8,
                    1.24373,
                    8
                ]
            },
            "faces": {
                "north": {
                    "uv": [
                        9.33333,
                        12.44444,
                        9.66667,
                        13.22222
                    ],
                    "texture": "#0",
                    "cullface": "down"
                },
                "east": {
                    "uv": [
                        11.55556,
                        8,
                        12,
                        8.77778
                    ],
                    "texture": "#0",
                    "cullface": "down"
                },
                "south": {
                    "uv": [
                        8.88889,
                        12.44444,
                        9.22222,
                        13.22222
                    ],
                    "texture": "#0",
                    "cullface": "down"
                },
                "west": {
                    "uv": [
                        12,
                        8,
                        11.55556,
                        8.77778
                    ],
                    "texture": "#0",
                    "cullface": "down"
                },
                "down": {
                    "uv": [
                        13.77778,
                        13.33333,
                        13.33333,
                        13.66667
                    ],
                    "rotation": 270,
                    "texture": "#0",
                    "cullface": "down"
                }
            }
        },
        {
            "from": [
                7.3125,
                5.29457,
                6.15488
            ],
            "to": [
                8.6875,
                6.53207,
                7.39238
            ],
            "rotation": {
                "angle": 45,
                "axis": "x",
                "origin": [
                    8,
                    1.24373,
                    8
                ]
            },
            "faces": {
                "north": {
                    "uv": [
                        10.22222,
                        9.77778,
                        10.88889,
                        10.33333
                    ],
                    "texture": "#0",
                    "cullface": "down"
                },
                "east": {
                    "uv": [
                        12,
                        1.77778,
                        12.55556,
                        2.33333
                    ],
                    "texture": "#0",
                    "cullface": "down"
                },
                "south": {
                    "uv": [
                        10.22222,
                        6.22222,
                        10.88889,
                        6.77778
                    ],
                    "texture": "#0",
                    "cullface": "down"
                },
                "west": {
                    "uv": [
                        12.55556,
                        1.77778,
                        12,
                        2.33333
                    ],
                    "texture": "#0",
                    "cullface": "down"
                },
                "up": {
                    "uv": [
                        11.22222,
                        0.66667,
                        10.66667,
                        0
                    ],
                    "rotation": 90,
                    "texture": "#0",
                    "cullface": "down"
                },
                "down": {
                    "uv": [
                        11.22222,
                        0.88889,
                        10.66667,
                        1.55556
                    ],
                    "rotation": 270,
                    "texture": "#0",
                    "cullface": "down"
                }
            }
        },
        {
            "from": [
                7.45,
                4.2195,
                11.26954
            ],
            "to": [
                8.55,
                5.8695,
                12.36954
            ],
            "rotation": {
                "angle": -22.5,
                "axis": "x",
                "origin": [
                    8,
                    1.24373,
                    8
                ]
            },
            "faces": {
                "north": {
                    "uv": [
                        11.11111,
                        2.66667,
                        11.55556,
                        3.44444
                    ],
                    "texture": "#0",
                    "cullface": "down"
                },
                "east": {
                    "uv": [
                        10.22222,
                        10.66667,
                        10.66667,
                        11.44444
                    ],
                    "texture": "#0",
                    "cullface": "down"
                },
                "south": {
                    "uv": [
                        10.66667,
                        10.66667,
                        11.11111,
                        11.44444
                    ],
                    "texture": "#0",
                    "cullface": "down"
                },
                "west": {
                    "uv": [
                        10.66667,
                        10.66667,
                        10.22222,
                        11.44444
                    ],
                    "texture": "#0",
                    "cullface": "down"
                },
                "up": {
                    "uv": [
                        13.33333,
                        4,
                        12.88889,
                        3.55556
                    ],
                    "rotation": 90,
                    "texture": "#0",
                    "cullface": "down"
                }
            }
        },
        {
            "from": [
                7.4555,
                3.84524,
                12.70715
            ],
            "to": [
                8.5445,
                5.49524,
                13.80715
            ],
            "rotation": {
                "angle": -45,
                "axis": "x",
                "origin": [
                    8,
                    1.24373,
                    8
                ]
            },
            "faces": {
                "north": {
                    "uv": [
                        11.11111,
                        9.33333,
                        11.55556,
                        10.11111
                    ],
                    "texture": "#0",
                    "cullface": "down"
                },
                "east": {
                    "uv": [
                        11.11111,
                        6.22222,
                        11.55556,
                        7
                    ],
                    "texture": "#0"
                },
                "south": {
                    "uv": [
                        11.11111,
                        7.11111,
                        11.55556,
                        7.88889
                    ],
                    "texture": "#0"
                },
                "west": {
                    "uv": [
                        11.55556,
                        6.22222,
                        11.11111,
                        7
                    ],
                    "texture": "#0"
                },
                "up": {
                    "uv": [
                        5.77778,
                        13.33333,
                        5.33333,
                        12.88889
                    ],
                    "rotation": 90,
                    "texture": "#0"
                }
            }
        }
    ],
    "gui_light": "front",
    "display": {
        "thirdperson_righthand": {
            "translation": [
                0,
                8,
                1.25
            ],
            "scale": [
                0.9,
                0.9,
                0.9
            ]
        },
        "thirdperson_lefthand": {
            "translation": [
                0,
                8,
                1.25
            ],
            "scale": [
                0.9,
                0.9,
                0.9
            ]
        },
        "firstperson_righthand": {
            "rotation": [
                -17,
                0,
                0
            ],
            "translation": [
                10,
                6.5,
                -9.5
            ]
        },
        "firstperson_lefthand": {
            "rotation": [
                -17,
                0,
                0
            ],
            "translation": [
                10,
                6.5,
                -9.5
            ]
        },
        "ground": {
            "rotation": [
                0,
                0,
                72
            ],
            "translation": [
                -3.5,
                1.75,
                0
            ],
            "scale": [
                0.69,
                0.69,
                0.69
            ]
        },
        "gui": {
            "rotation": [
                -90,
                45,
                90
            ],
            "translation": [
                -1.75,
                1.75,
                0
            ],
            "scale": [
                0.71,
                0.71,
                0.71
            ]
        },
        "head": {
            "rotation": [
                0,
                90,
                0
            ],
            "scale": [
                0.01,
                0.01,
                0.01
            ]
        },
        "fixed": {
            "rotation": [
                0,
                -90,
                0
            ],
            "translation": [
                0,
                6,
                -0.5
            ]
        }
    },
    "groups": [
        {
            "name": "hoe",
            "origin": [
                6.50855,
                -8.25781,
                7.9725
            ],
            "color": 0,
            "nbt": "{}",
            "children": [
                {
                    "name": "group",
                    "origin": [
                        8,
                        -9.591,
                        -4
                    ],
                    "color": 0,
                    "nbt": "{}",
                    "children": [
                        0,
                        1,
                        2,
                        3,
                        4
                    ]
                },
                5,
                6,
                7,
                8,
                9,
                10,
                11,
                12,
                13,
                14,
                15,
                16,
                17,
                18,
                19,
                20,
                21,
                22,
                23,
                24,
                25,
                26,
                27,
                28,
                29,
                30,
                31,
                32,
                33,
                34,
                35,
                36,
                37,
                38,
                39,
                40
            ]
        }
    ]
}