{"stats":{"minecraft:dropped":{"minecraft:iron_ingot":20,"minecraft:dropper":2},"minecraft:killed":{"minecraft:pig":1,"minecraft:spider":1,"minecraft:sheep":13,"minecraft:horse":11,"minecraft:skeleton":1,"minecraft:zombie":6,"minecraft:chicken":3},"minecraft:custom":{"minecraft:interact_with_furnace":61,"minecraft:mob_kills":36,"minecraft:interact_with_crafting_table":28,"minecraft:play_one_minute":76007,"minecraft:leave_game":1,"minecraft:time_since_death":76007,"minecraft:time_since_rest":76007,"minecraft:sprint_one_cm":162351,"minecraft:damage_taken":724,"minecraft:walk_one_cm":213818,"minecraft:damage_blocked_by_shield":70,"minecraft:drop":3,"minecraft:damage_dealt":5451,"minecraft:swim_one_cm":33200,"minecraft:fly_one_cm":131214,"minecraft:open_chest":11,"minecraft:crouch_one_cm":1186,"minecraft:sneak_time":521,"minecraft:walk_under_water_one_cm":6105,"minecraft:boat_one_cm":8535,"minecraft:jump":4680,"minecraft:walk_on_water_one_cm":19683,"minecraft:fall_one_cm":21650},"minecraft:used":{"minecraft:cooked_mutton":6,"minecraft:stone_sword":139,"minecraft:dropper":2,"minecraft:stone_pickaxe":353,"minecraft:stone_shovel":48,"minecraft:poppy":1,"minecraft:shield":2,"minecraft:chest":1,"minecraft:birch_boat":3,"minecraft:iron_sword":15,"minecraft:sugar_cane":21,"minecraft:rotten_flesh":14,"minecraft:torch":23,"minecraft:dirt":6,"minecraft:sand":62,"minecraft:mutton":16,"minecraft:crafting_table":9,"minecraft:chicken":3,"minecraft:birch_sapling":6,"minecraft:iron_pickaxe":245,"minecraft:stone_axe":139,"minecraft:cobblestone":1,"minecraft:cooked_cod":2,"minecraft:furnace":5,"minecraft:porkchop":3,"minecraft:dandelion":1},"minecraft:broken":{"minecraft:stone_pickaxe":2,"minecraft:stone_sword":1,"minecraft:stone_axe":1,"minecraft:iron_pickaxe":1},"minecraft:mined":{"minecraft:dandelion":1,"minecraft:crafting_table":6,"minecraft:torch":2,"minecraft:dropper":2,"minecraft:grass_block":2,"minecraft:poppy":1,"minecraft:tall_grass":1,"minecraft:lapis_ore":1,"minecraft:sugar_cane":20,"minecraft:kelp":3,"minecraft:diorite":4,"minecraft:redstone_ore":7,"minecraft:furnace":3,"minecraft:birch_log":123,"minecraft:iron_ore":69,"minecraft:andesite":19,"minecraft:birch_leaves":13,"minecraft:grass":10,"minecraft:coal_ore":70,"minecraft:dirt":9,"minecraft:sand":67,"minecraft:stone":399,"minecraft:gold_ore":10},"minecraft:crafted":{"minecraft:dropper":2,"minecraft:crafting_table":4,"minecraft:iron_helmet":1,"minecraft:birch_boat":2,"minecraft:iron_sword":1,"minecraft:furnace":4,"minecraft:bucket":1,"minecraft:birch_planks":48,"minecraft:stone_axe":1,"minecraft:cooked_mutton":6,"minecraft:air":0,"minecraft:iron_boots":1,"minecraft:iron_chestplate":1,"minecraft:shield":1,"minecraft:stick":8,"minecraft:iron_ingot":50,"minecraft:stone_pickaxe":2,"minecraft:chest":1,"minecraft:gold_ingot":10,"minecraft:iron_leggings":1,"minecraft:torch":24},"minecraft:picked_up":{"minecraft:birch_log":125,"minecraft:crafting_table":6,"minecraft:feather":1,"minecraft:chicken":3,"minecraft:andesite":19,"minecraft:brown_wool":1,"minecraft:leather":8,"minecraft:cobblestone_stairs":1,"minecraft:lapis_lazuli":9,"minecraft:dirt":13,"minecraft:bone":2,"minecraft:kelp":3,"minecraft:stone_pickaxe":1,"minecraft:iron_ingot":2,"minecraft:iron_ore":68,"minecraft:poppy":1,"minecraft:iron_pickaxe":1,"minecraft:sugar_cane":40,"minecraft:birch_sapling":6,"minecraft:furnace":3,"minecraft:stick":7,"minecraft:birch_boat":1,"minecraft:torch":2,"minecraft:dandelion":1,"minecraft:dropper":4,"minecraft:porkchop":3,"minecraft:sand":67,"minecraft:diorite":4,"minecraft:redstone":32,"minecraft:gold_ore":10,"minecraft:spider_eye":1,"minecraft:arrow":1,"minecraft:rotten_flesh":13,"minecraft:mutton":22,"minecraft:coal":95,"minecraft:white_wool":12,"minecraft:cobblestone":396}},"DataVersion":2586}