{"stats":{"minecraft:dropped":{"minecraft:rotten_flesh":1},"minecraft:killed":{"minecraft:pig":2,"minecraft:spider":3,"minecraft:creeper":1,"minecraft:sheep":2,"minecraft:skeleton":4,"minecraft:zombie":4,"minecraft:chicken":1,"minecraft:cow":4},"minecraft:custom":{"minecraft:interact_with_furnace":31,"minecraft:mob_kills":21,"minecraft:interact_with_crafting_table":36,"minecraft:play_one_minute":104542,"minecraft:leave_game":2,"minecraft:time_since_death":100263,"minecraft:time_since_rest":100334,"minecraft:sprint_one_cm":65023,"minecraft:damage_taken":1295,"minecraft:walk_one_cm":359462,"minecraft:damage_blocked_by_shield":220,"minecraft:drop":1,"minecraft:damage_dealt":3073,"minecraft:swim_one_cm":10869,"minecraft:fly_one_cm":45699,"minecraft:player_kills":1,"minecraft:open_chest":27,"minecraft:crouch_one_cm":38783,"minecraft:deaths":1,"minecraft:sneak_time":10200,"minecraft:walk_under_water_one_cm":8339,"minecraft:jump":1146,"minecraft:walk_on_water_one_cm":3917,"minecraft:fish_caught":12,"minecraft:fall_one_cm":25740},"minecraft:used":{"minecraft:wheat_seeds":13,"minecraft:cooked_mutton":3,"minecraft:water_bucket":20,"minecraft:stone_sword":67,"minecraft:cobblestone_stairs":71,"minecraft:birch_planks":183,"minecraft:stone_pickaxe":59,"minecraft:stone_shovel":127,"minecraft:chest":3,"minecraft:shield":7,"minecraft:cooked_chicken":1,"minecraft:rotten_flesh":3,"minecraft:torch":18,"minecraft:dirt":244,"minecraft:crafting_table":4,"minecraft:birch_fence":60,"minecraft:birch_door":3,"minecraft:glass":19,"minecraft:wooden_hoe":53,"minecraft:birch_fence_gate":2,"minecraft:stone_axe":79,"minecraft:fishing_rod":16,"minecraft:cobblestone":8,"minecraft:bow":1,"minecraft:furnace":7,"minecraft:bucket":20,"minecraft:birch_log":82,"minecraft:cooked_beef":5,"minecraft:birch_stairs":65},"minecraft:broken":{"minecraft:stone_shovel":1},"minecraft:mined":{"minecraft:birch_stairs":5,"minecraft:cobblestone_stairs":21,"minecraft:crafting_table":4,"minecraft:torch":1,"minecraft:grass_block":171,"minecraft:poppy":5,"minecraft:chest":2,"minecraft:glass":1,"minecraft:sugar_cane":3,"minecraft:wall_torch":1,"minecraft:birch_planks":16,"minecraft:furnace":4,"minecraft:birch_log":74,"minecraft:iron_ore":2,"minecraft:birch_leaves":61,"minecraft:grass":145,"minecraft:coal_ore":19,"minecraft:sand":20,"minecraft:dirt":110,"minecraft:stone":13,"minecraft:birch_fence":13},"minecraft:crafted":{"minecraft:cooked_beef":5,"minecraft:cooked_cod":9,"minecraft:fishing_rod":1,"minecraft:cooked_porkchop":2,"minecraft:iron_helmet":1,"minecraft:cooked_chicken":1,"minecraft:furnace":3,"minecraft:cooked_salmon":2,"minecraft:cobblestone_stairs":62,"minecraft:bucket":1,"minecraft:birch_planks":400,"minecraft:cooked_mutton":3,"minecraft:air":0,"minecraft:glass":20,"minecraft:iron_boots":1,"minecraft:iron_chestplate":1,"minecraft:wooden_hoe":1,"minecraft:shield":1,"minecraft:iron_axe":1,"minecraft:birch_fence_gate":2,"minecraft:birch_fence":54,"minecraft:stick":44,"minecraft:iron_ingot":16,"minecraft:chest":1,"minecraft:iron_leggings":1,"minecraft:birch_door":3,"minecraft:torch":16,"minecraft:birch_stairs":68},"minecraft:picked_up":{"minecraft:birch_log":74,"minecraft:crafting_table":4,"minecraft:chicken":1,"minecraft:salmon":2,"minecraft:andesite":19,"minecraft:leather":6,"minecraft:birch_planks":12,"minecraft:gunpowder":1,"minecraft:cobblestone_stairs":20,"minecraft:string":2,"minecraft:dirt":316,"minecraft:bone":3,"minecraft:birch_fence":13,"minecraft:bow":1,"minecraft:wheat_seeds":13,"minecraft:iron_ingot":20,"minecraft:beef":5,"minecraft:stone_pickaxe":1,"minecraft:iron_ore":2,"minecraft:poppy":5,"minecraft:sugar_cane":6,"minecraft:chest":2,"minecraft:birch_sapling":13,"minecraft:furnace":4,"minecraft:stick":12,"minecraft:torch":2,"minecraft:sand":20,"minecraft:porkchop":2,"minecraft:birch_stairs":5,"minecraft:diorite":4,"minecraft:stone_sword":1,"minecraft:arrow":4,"minecraft:stone_shovel":1,"minecraft:rotten_flesh":5,"minecraft:stone_axe":1,"minecraft:cod":9,"minecraft:coal":25,"minecraft:mutton":3,"minecraft:white_wool":2,"minecraft:cobblestone":277}},"DataVersion":2586}