{"stats":{"minecraft:mined":{"minecraft:diamond_ore":5,"minecraft:spruce_trapdoor":1,"minecraft:granite":4,"minecraft:grass_block":34,"minecraft:spruce_leaves":28,"minecraft:composter":3,"minecraft:large_fern":11,"minecraft:tall_seagrass":4,"minecraft:furnace":7,"minecraft:iron_ore":100,"minecraft:fire":1,"minecraft:andesite":16,"minecraft:bookshelf":6,"minecraft:potatoes":27,"minecraft:rail":2,"minecraft:purple_carpet":1,"minecraft:stone":128,"minecraft:crafting_table":5,"minecraft:torch":2,"minecraft:chest":1,"minecraft:lectern":1,"minecraft:spruce_wall_sign":1,"minecraft:cobblestone":55,"minecraft:lapis_ore":10,"minecraft:grindstone":1,"minecraft:oak_planks":13,"minecraft:sugar_cane":3,"minecraft:diorite":14,"minecraft:blue_bed":3,"minecraft:wall_torch":2,"minecraft:cauldron":1,"minecraft:spruce_stairs":1,"minecraft:purple_bed":4,"minecraft:birch_log":11,"minecraft:sweet_berry_bush":4,"minecraft:spruce_log":47,"minecraft:birch_leaves":3,"minecraft:grass_path":10,"minecraft:grass":2,"minecraft:coal_ore":61,"minecraft:sand":38,"minecraft:dirt":51,"minecraft:cobweb":14,"minecraft:gold_ore":5,"minecraft:oak_leaves":2,"minecraft:fern":6},"minecraft:custom":{"minecraft:mob_kills":48,"minecraft:interact_with_crafting_table":22,"minecraft:bell_ring":8,"minecraft:leave_game":3,"minecraft:time_since_death":88011,"minecraft:climb_one_cm":781,"minecraft:sprint_one_cm":275984,"minecraft:walk_one_cm":268339,"minecraft:damage_blocked_by_shield":1235,"minecraft:drop":40,"minecraft:talked_to_villager":12,"minecraft:deaths":2,"minecraft:sneak_time":4330,"minecraft:walk_under_water_one_cm":6769,"minecraft:boat_one_cm":115996,"minecraft:jump":1857,"minecraft:walk_on_water_one_cm":24620,"minecraft:interact_with_furnace":51,"minecraft:play_one_minute":110445,"minecraft:sleep_in_bed":1,"minecraft:time_since_rest":21234,"minecraft:damage_taken":3763,"minecraft:damage_dealt":6874,"minecraft:swim_one_cm":27017,"minecraft:fly_one_cm":296739,"minecraft:player_kills":1,"minecraft:open_chest":17,"minecraft:crouch_one_cm":10137,"minecraft:fall_one_cm":50107},"minecraft:killed":{"minecraft:cave_spider":2,"minecraft:spider":4,"minecraft:skeleton":11,"minecraft:chicken":7,"minecraft:cat":1,"minecraft:creeper":1,"minecraft:sheep":3,"minecraft:zombie":7,"minecraft:cow":12},"minecraft:killed_by":{"minecraft:spider":1,"minecraft:skeleton":1},"minecraft:picked_up":{"minecraft:crafting_table":5,"minecraft:chicken":7,"minecraft:string":23,"minecraft:spruce_planks":1,"minecraft:beef":38,"minecraft:poppy":1,"minecraft:lectern":1,"minecraft:sugar_cane":9,"minecraft:chest":1,"minecraft:spruce_trapdoor":1,"minecraft:furnace":7,"minecraft:stick":12,"minecraft:composter":3,"minecraft:torch":5,"minecraft:spruce_stairs":1,"minecraft:diorite":14,"minecraft:cauldron":1,"minecraft:stone_sword":1,"minecraft:arrow":13,"minecraft:rotten_flesh":10,"minecraft:stone_shovel":1,"minecraft:mutton":4,"minecraft:rail":6,"minecraft:white_wool":3,"minecraft:cobblestone":191,"minecraft:birch_log":24,"minecraft:feather":7,"minecraft:andesite":16,"minecraft:leather":17,"minecraft:potato":90,"minecraft:birch_planks":99,"minecraft:lily_pad":20,"minecraft:lapis_lazuli":68,"minecraft:dirt":103,"minecraft:blue_bed":3,"minecraft:purple_carpet":1,"minecraft:bone":19,"minecraft:grindstone":1,"minecraft:stone_pickaxe":1,"minecraft:iron_ore":150,"minecraft:glowstone_dust":1,"minecraft:oak_planks":21,"minecraft:book":18,"minecraft:birch_boat":4,"minecraft:pumpkin":1,"minecraft:sweet_berries":9,"minecraft:sand":45,"minecraft:spruce_sapling":19,"minecraft:spruce_log":50,"minecraft:gold_ore":5,"minecraft:spider_eye":3,"minecraft:purple_bed":4,"minecraft:diamond":5,"minecraft:stone_axe":1,"minecraft:granite":4,"minecraft:spruce_sign":1,"minecraft:bread":4,"minecraft:coal":159},"minecraft:used":{"minecraft:stone_sword":81,"minecraft:stone_shovel":120,"minecraft:ladder":3,"minecraft:spruce_planks":3,"minecraft:chest":2,"minecraft:shield":45,"minecraft:iron_sword":59,"minecraft:stone_hoe":73,"minecraft:cooked_chicken":2,"minecraft:rotten_flesh":6,"minecraft:torch":72,"minecraft:dirt":95,"minecraft:mutton":1,"minecraft:spruce_stairs":2,"minecraft:granite":4,"minecraft:lava_bucket":2,"minecraft:sweet_berries":3,"minecraft:furnace":9,"minecraft:cooked_beef":12,"minecraft:potato":95,"minecraft:pumpkin":1,"minecraft:cooked_mutton":3,"minecraft:water_bucket":23,"minecraft:diorite":1,"minecraft:stone_pickaxe":114,"minecraft:oak_planks":5,"minecraft:birch_boat":5,"minecraft:composter":2,"minecraft:spruce_sign":3,"minecraft:blue_bed":3,"minecraft:crafting_table":6,"minecraft:white_bed":2,"minecraft:diamond_pickaxe":49,"minecraft:bread":1,"minecraft:iron_pickaxe":246,"minecraft:spruce_trapdoor":3,"minecraft:stone_axe":116,"minecraft:cobblestone":212,"minecraft:purple_bed":7,"minecraft:andesite":7,"minecraft:bucket":25,"minecraft:purple_carpet":1,"minecraft:bone_meal":57},"minecraft:crafted":{"minecraft:birch_boat":2,"minecraft:cooked_chicken":2,"minecraft:furnace":1,"minecraft:bone_meal":57,"minecraft:cooked_mutton":3,"minecraft:spruce_stairs":4,"minecraft:iron_boots":1,"minecraft:ladder":3,"minecraft:chest":1,"minecraft:stone_hoe":1,"minecraft:cooked_beef":27,"minecraft:spruce_sign":3,"minecraft:crafting_table":1,"minecraft:spruce_planks":28,"minecraft:iron_sword":1,"minecraft:bucket":1,"minecraft:birch_planks":24,"minecraft:air":0,"minecraft:spruce_trapdoor":2,"minecraft:white_wool":3,"minecraft:iron_chestplate":1,"minecraft:diamond_pickaxe":1,"minecraft:shield":1,"minecraft:stick":36,"minecraft:iron_ingot":91,"minecraft:iron_pickaxe":2,"minecraft:iron_leggings":1,"minecraft:gold_ingot":5,"minecraft:white_bed":2,"minecraft:torch":72},"minecraft:dropped":{"minecraft:iron_ingot":12,"minecraft:birch_planks":92,"minecraft:lapis_lazuli":68,"minecraft:cobblestone":6,"minecraft:rail":26,"minecraft:iron_pickaxe":2,"minecraft:birch_log":18,"minecraft:lily_pad":14,"minecraft:stone_axe":2,"minecraft:stone_sword":2,"minecraft:birch_sapling":1,"minecraft:stone_shovel":2,"minecraft:rotten_flesh":4,"minecraft:poppy":2,"minecraft:stone_pickaxe":3}},"DataVersion":2586}