{"stats":{"minecraft:killed_by":{"minecraft:player":2},"minecraft:killed":{"minecraft:cave_spider":4,"minecraft:pig":12,"minecraft:witch":1,"minecraft:sheep":7,"minecraft:zombie":2,"minecraft:cow":12},"minecraft:custom":{"minecraft:interact_with_furnace":8,"minecraft:mob_kills":38,"minecraft:interact_with_crafting_table":9,"minecraft:play_one_minute":87554,"minecraft:leave_game":3,"minecraft:time_since_death":41080,"minecraft:time_since_rest":41104,"minecraft:sprint_one_cm":177430,"minecraft:damage_taken":5921,"minecraft:walk_one_cm":270960,"minecraft:damage_dealt":4073,"minecraft:swim_one_cm":27432,"minecraft:fly_one_cm":241348,"minecraft:crouch_one_cm":6776,"minecraft:deaths":5,"minecraft:sneak_time":3219,"minecraft:walk_under_water_one_cm":6348,"minecraft:boat_one_cm":107363,"minecraft:jump":1609,"minecraft:walk_on_water_one_cm":17698,"minecraft:fall_one_cm":38486},"minecraft:used":{"minecraft:cooked_mutton":5,"minecraft:stone_sword":108,"minecraft:stone_shovel":49,"minecraft:stone_pickaxe":213,"minecraft:birch_boat":9,"minecraft:iron_sword":59,"minecraft:torch":5,"minecraft:dirt":37,"minecraft:crafting_table":4,"minecraft:stone_axe":43,"minecraft:cobblestone":14,"minecraft:furnace":2,"minecraft:cooked_porkchop":6},"minecraft:broken":{"minecraft:stone_pickaxe":1,"minecraft:stone_sword":1},"minecraft:crafted":{"minecraft:cooked_porkchop":6,"minecraft:crafting_table":3,"minecraft:birch_boat":1,"minecraft:iron_sword":1,"minecraft:furnace":2,"minecraft:birch_planks":92,"minecraft:cooked_mutton":5,"minecraft:air":0,"minecraft:stick":20,"minecraft:iron_ingot":5,"minecraft:stone_pickaxe":1,"minecraft:torch":40},"minecraft:mined":{"minecraft:spruce_planks":2,"minecraft:crafting_table":2,"minecraft:grass_block":15,"minecraft:poppy":1,"minecraft:tall_grass":3,"minecraft:cobblestone":1,"minecraft:diorite":1,"minecraft:spawner":2,"minecraft:furnace":2,"minecraft:birch_log":36,"minecraft:iron_ore":10,"minecraft:sweet_berry_bush":1,"minecraft:birch_leaves":4,"minecraft:andesite":1,"minecraft:grass":18,"minecraft:coal_ore":62,"minecraft:dirt":51,"minecraft:cobweb":31,"minecraft:stone":133,"minecraft:oak_leaves":11},"minecraft:picked_up":{"minecraft:birch_log":54,"minecraft:crafting_table":2,"minecraft:andesite":1,"minecraft:leather":15,"minecraft:birch_planks":92,"minecraft:lily_pad":22,"minecraft:lapis_lazuli":68,"minecraft:dirt":56,"minecraft:string":29,"minecraft:wheat_seeds":1,"minecraft:spruce_planks":1,"minecraft:beef":25,"minecraft:stone_pickaxe":3,"minecraft:iron_ingot":10,"minecraft:iron_ore":10,"minecraft:poppy":3,"minecraft:light_gray_wool":1,"minecraft:birch_sapling":2,"minecraft:furnace":2,"minecraft:stick":3,"minecraft:birch_boat":9,"minecraft:sweet_berries":2,"minecraft:porkchop":23,"minecraft:diorite":1,"minecraft:spider_eye":3,"minecraft:stone_sword":2,"minecraft:stone_shovel":2,"minecraft:rotten_flesh":6,"minecraft:stone_axe":2,"minecraft:oak_sapling":1,"minecraft:mutton":12,"minecraft:coal":112,"minecraft:rail":26,"minecraft:white_wool":6,"minecraft:cobblestone":138}},"DataVersion":2586}